Age,Gender,Ethnicity,StudyTimeWeekly,Absences,Tutoring,Extracurricular,Sports,Music,Volunteering,GPA
18,1,1,0.9073392369574181,24,1,1,1,0,0,1.39627843837789
16,1,2,0.1233062142470553,19,0,0,0,0,1,0.754750671478112
17,0,3,0.1727606270460045,25,0,0,0,0,0,0.136165908009804
17,1,1,0.7930755298800204,25,1,0,0,0,0,1.17219163293625
16,0,1,0.05197004033210504,19,1,0,0,1,0,1.74735645189599
15,1,4,0.22153070432588345,5,1,1,1,0,1,3.10734840056804
18,1,4,0.4376131708024125,9,0,1,0,0,1,2.59278668631704
17,0,3,0.12883249218751436,21,1,1,0,1,1,1.88654250007828
16,1,1,0.4270360207747259,16,1,0,0,0,1,1.66664009779017
18,0,1,0.7902039089599144,18,0,1,0,0,0,2.2166038146961
17,0,1,0.4610775400470761,19,1,0,1,1,1,1.99229884714332
15,0,4,0.528100722892578,4,1,0,1,0,0,3.01706325594623
15,1,1,0.2422616547705917,21,0,0,0,0,0,0.67219968006134
15,1,1,0.8219620365144024,12,0,1,1,0,0,2.61488394182918
18,1,1,0.9851466515790799,9,0,0,0,0,0,2.5372306390537
17,1,2,0.20699467261593107,10,0,1,0,0,0,
17,1,3,0.14371753224584954,6,0,0,0,0,0,2.4651174139719
15,0,4,0.3480578159880278,12,0,1,1,0,0,2.6372664286002
15,0,2,0.8430767183452132,10,0,0,0,0,0,2.27570014700836
18,0,1,0.40965928217474806,19,0,0,0,0,1,1.36334094816379
15,0,1,0.5675284432943062,21,1,1,0,0,0,1.60948679879393
15,0,1,0.9152254087217054,12,1,0,0,0,0,1.89490433634011
16,0,3,0.5771469373383936,9,0,0,1,0,0,2.47092400298399
16,0,2,0.0008846333498203705,3,0,1,0,0,0,
16,1,4,0.10055042094855768,11,0,0,0,0,0,1.61746020672599
18,1,2,0.5342734143232519,7,0,1,0,0,0,2.67055961481983
15,1,3,0.7777454729876538,29,0,0,1,0,0,0.584740728869645
15,0,1,0.4039470171469017,29,1,1,1,0,0,1.16470242802054
17,1,3,0.28122926256929476,0,1,0,0,1,0,3.77069472184229
18,1,4,0.04018721205797412,3,0,0,1,1,0,
15,1,1,0.8748865789317322,7,0,0,1,0,0,
15,1,4,0.13992035379893167,21,1,0,1,0,1,1.62177273608961
18,1,4,0.29593733829544633,2,1,0,0,0,0,
16,0,4,0.9069766886462001,6,1,1,0,0,0,3.26185530733329
15,0,3,0.2855692619716806,13,1,0,1,0,0,2.24359309076809
17,1,1,0.87259832219683,29,0,0,0,0,0,0.214570090968717
15,0,3,0.5053535362529032,5,0,0,0,0,0,2.95625452361562
15,0,1,0.4985620660577243,27,1,0,0,0,1,0.856397042669721
16,1,1,0.6705375848649672,25,0,0,0,0,0,0.819625477947445
15,0,1,0.5435161608524349,0,0,1,0,1,0,3.56552416293627
17,1,4,0.5090124350863087,15,0,0,0,1,0,1.93377980861387
16,1,1,0.9985664299755744,8,0,0,1,0,1,2.23925398470603
15,0,1,0.45386786068811397,20,0,1,1,1,0,1.78923983671814
18,0,1,0.9383100308982626,15,0,1,1,0,0,
15,0,3,0.38922073019251535,18,0,0,1,0,0,
15,1,4,0.9471476390627743,22,1,1,0,0,0,
18,0,1,0.7825042754911329,14,1,1,0,0,1,1.74827968244919
15,1,1,0.41361201482855126,2,0,1,0,0,0,2.81380576808971
16,1,3,0.23607388579913585,16,1,1,0,1,0,1.83435914042803
17,1,1,0.5133649776195598,11,1,0,0,0,0,
18,0,2,0.2486265575852565,6,0,0,0,0,0,2.68482128652662
15,0,1,0.8763425857937088,24,0,0,0,0,0,
18,0,3,0.07425596763611139,15,0,1,0,1,0,1.5580598553696
16,1,1,0.12716215522190785,16,0,0,1,1,0,1.68967308484543
16,1,3,0.030716159530815884,16,1,0,0,0,0,1.88585022368373
15,0,3,0.1057638124649119,13,1,1,0,0,0,1.99651311568978
17,0,2,0.36541601322873657,17,0,0,0,0,0,
18,0,1,0.4183965544844927,24,0,0,0,0,0,0.693712512160285
15,0,4,0.45434476330593954,26,1,1,0,0,0,0.896397899023395
15,1,1,0.9149884282045435,5,0,0,0,1,1,
18,0,1,0.16384317832271011,1,0,0,1,0,0,2.73105889844873
18,1,4,0.452677837829777,23,0,1,1,0,0,1.36223359936417
17,1,3,0.6487201616721332,17,0,0,1,0,0,2.0634635075133
16,1,1,0.3119194747542027,12,0,0,0,0,1,
15,0,4,0.7286206729885333,19,0,0,0,0,0,1.24772519420529
16,1,4,0.4078113204634555,16,0,1,0,1,0,
17,0,1,0.24683468586387394,26,1,0,0,0,0,0.889714915087843
18,1,1,0.6389565138098685,9,1,0,0,1,0,
18,1,1,0.7695434617828619,8,0,0,1,0,0,2.51032872116909
18,1,1,0.2836212632914538,24,1,0,0,1,0,
16,0,1,0.3766561689458378,7,1,0,1,0,0,
15,0,1,0.4577353334989758,11,0,1,0,0,0,
18,1,4,0.7892804159004551,14,0,1,1,0,0,
18,1,2,0.9487842422307151,20,0,1,0,0,0,
17,0,3,0.2883215578455636,16,1,1,1,0,0,1.83664280000112
16,1,4,0.07076315661785558,11,0,1,0,1,0,2.03217846252961
15,1,1,0.7327548104509163,9,0,1,1,0,0,
18,0,2,0.019319930810218842,14,1,0,1,1,1,2.09564819078084
18,0,1,0.220100578157638,2,1,0,0,1,1,
16,0,1,0.5355317306292887,24,0,1,0,0,1,0.876266660476774
16,0,1,0.32613444670758646,2,1,0,1,0,0,3.47456184476036
15,1,2,0.945035135757309,1,0,0,0,0,0,3.61827271216723
17,0,1,0.9629229198063559,7,0,0,0,1,1,3.15722963880409
15,0,1,0.5483003613727232,3,0,0,0,0,0,2.8740373600353
16,0,1,0.9044401811040766,13,0,0,0,1,0,2.20622634147767
18,1,3,0.4399350381331495,13,0,0,0,0,0,2.0837969900968
15,0,4,0.36862391328953525,17,0,0,0,0,0,1.45674260108727
18,1,1,0.9492109920971314,0,0,1,0,1,0,3.47851971507281
16,1,1,0.5575469850357885,4,0,1,1,0,0,3.54643280871297
17,0,1,0.2156653028783562,4,0,1,1,0,0,3.15251937085743
17,1,1,0.40829192745334236,11,0,0,1,0,1,2.43998132580923
15,1,4,0.46287654231492287,21,1,0,1,0,0,1.45508545261519
17,1,3,0.3336269789678277,16,0,0,1,0,0,1.80305442673625
15,0,1,0.8216869410827252,2,1,1,1,0,0,3.39954285848665
18,1,4,0.6780148482861822,3,1,1,0,0,1,3.3104012689002
17,1,3,0.994371598281461,23,1,1,0,0,0,1.39143187132201
17,1,3,0.8537279877747139,0,1,0,0,0,0,3.49677654458072
17,1,1,0.13465089141254713,8,0,1,1,0,0,2.57239170870492
17,0,4,0.6058695189409942,21,0,0,1,0,0,1.75158095833408
15,1,4,0.17961343530488316,23,0,1,0,0,1,
16,1,2,0.0720984910861922,22,0,1,1,0,0,
16,1,2,0.676067164454185,11,0,0,1,0,0,
16,1,1,0.8404708018330604,14,1,0,0,0,0,2.39812108593769
17,1,3,0.8086778244913218,25,0,0,0,0,0,0.796359847886648
18,1,1,0.6962068171151065,12,0,0,0,0,1,1.69438438465742
16,0,4,0.126394066617939,29,0,0,0,0,0,0.0
17,0,1,0.5715833938877778,7,0,0,0,0,0,2.06017205006751
18,0,4,0.008065925070015299,22,0,1,0,0,0,
16,1,4,0.7925206162089722,28,0,1,1,0,0,0.818126102742825
18,1,4,0.5292306983100217,5,0,1,0,0,1,
15,0,1,0.2574737923281298,18,0,1,0,1,0,1.58355649569153
18,0,2,0.9380216413645458,12,0,1,0,0,0,
15,1,1,0.7030879765764533,13,1,1,0,0,0,2.68822933071721
18,0,1,0.9335811515580059,22,0,1,0,0,0,1.24818256681425
18,0,2,0.3229216480541362,23,1,0,1,0,0,1.34860700160633
15,0,1,0.12725853904046136,19,0,0,0,1,1,
15,1,4,0.7049303439835803,9,1,1,0,0,0,3.03019698253954
16,0,4,0.7333514899463786,7,0,1,0,0,0,2.80436317511095
16,0,2,0.3332660591703885,22,0,0,0,0,0,0.710956981987336
16,0,1,0.5396480008120775,1,0,1,0,1,0,3.22515827518916
17,1,4,0.5257805162117501,29,0,1,0,0,0,
16,1,1,0.09670729347181235,5,0,1,0,0,0,2.93817546720145
17,0,1,0.22815064289985826,1,0,0,1,0,1,2.89681918951357
17,1,1,0.337113747180731,27,0,0,0,0,0,
16,1,4,0.34324470663459533,4,0,0,1,1,0,
18,1,1,0.9054264676092509,19,0,0,0,0,1,1.39609049424525
16,1,3,0.053280527548990105,14,0,0,1,1,1,2.04885008213886
15,0,1,0.8215182775274429,16,1,0,1,0,0,2.20223293964899
15,1,4,0.4880327476186378,7,1,0,1,1,0,
18,1,4,0.8496988496203612,1,1,0,1,0,0,3.40848977063304
15,0,4,0.9307025107561522,26,0,0,0,0,0,1.04338012788812
15,1,4,0.1042873726199596,6,0,0,1,1,0,2.79540580881386
18,1,1,0.9520758745223729,7,0,0,0,0,0,2.89472304226849
18,1,1,0.0777462841359026,15,0,0,0,0,1,0.878212616762777
15,1,1,0.6461558001564597,26,0,0,0,1,1,0.709353374214593
16,0,1,0.8863690661373064,16,1,0,1,1,0,
16,0,2,0.19882071292735048,6,0,0,0,0,0,2.63569345083473
17,0,1,0.09876266007677459,7,1,1,0,0,0,2.87785369763698
15,0,3,0.2229900539888763,27,0,0,0,0,0,0.0
15,0,4,0.2857910104832335,25,1,1,0,0,0,0.966948806766779
15,1,3,0.7565339002150122,15,0,0,0,0,0,1.4887052948654
18,0,3,0.3783727006903957,1,0,0,0,0,0,
17,0,1,0.4737498144021342,7,0,0,1,0,0,2.35305465503796
15,1,2,0.36383341633357885,9,0,0,0,0,0,2.00382837863094
17,1,1,0.2891079961173971,16,1,0,0,0,1,1.35706270140483
16,1,4,0.3672836232609386,27,0,1,0,0,0,0.508656500710429
15,1,3,0.935129207924316,22,0,0,1,0,0,1.16539436312127
15,0,3,0.0,27,0,0,0,1,0,0.0
15,0,2,0.5902381135665294,5,0,1,0,1,0,
17,0,1,0.6245887196948302,21,0,0,0,0,0,0.954787542101481
15,1,2,0.6751551048964045,13,0,1,1,0,0,2.15739183326122
15,0,2,0.8991749075191189,6,0,1,0,0,1,2.84637875341922
18,0,1,0.6580203794403765,27,1,0,1,0,0,0.963631930754624
16,1,1,0.2138231026875933,18,1,1,0,0,1,1.6977287802152
16,0,1,0.9870773083947196,13,1,0,0,0,0,2.24087006003816
15,0,1,0.5237938801042084,27,1,1,0,0,0,0.654489820899693
16,1,4,0.2652469887115548,27,0,0,1,0,0,0.0
15,1,4,0.7708973792275994,11,0,1,0,0,0,2.16268810792022
15,0,1,0.014483259827904719,5,0,0,0,0,0,2.46060677377515
16,0,4,0.6749364104360155,26,0,1,0,0,0,0.814285349228652
18,1,1,0.8623691507949773,18,0,0,1,0,0,1.87972598668809
16,0,1,0.5559627572468699,27,0,0,1,0,0,0.940184256713778
16,1,4,0.8640803805400327,28,0,0,0,1,1,
15,0,1,0.4345077846079083,8,0,0,1,0,0,
17,0,1,0.637553924810194,10,1,0,0,0,0,2.55054623369591
17,0,1,0.021776030296926166,5,0,1,0,0,0,2.32543406491624
17,0,3,0.10532066996249144,3,0,0,0,0,0,2.35685680687021
16,0,1,0.8549213939751481,24,1,0,0,0,0,0.802647806241625
16,0,4,0.2896699574372124,11,1,1,0,0,0,
17,1,3,0.7503998354915316,23,0,0,0,0,0,1.00943032184896
18,1,1,0.6185503014467361,13,0,0,0,1,0,
16,1,4,0.40602189549120044,22,0,1,0,0,0,1.30271198354414
17,1,1,0.7315618292814303,16,1,0,0,0,1,1.76605597729189
16,0,4,0.7111800796606037,8,1,1,0,1,0,
15,0,1,0.1747311929663078,12,1,0,0,0,0,2.19236319785529
16,1,2,0.3700691184609145,28,1,0,1,0,0,
16,1,4,0.42155216441827564,27,0,1,1,1,0,0.681703643505879
16,1,2,0.8113452619381931,0,0,1,0,0,0,3.6465163889498
15,0,4,0.4653748232514295,1,0,1,0,0,0,2.9965033042477
16,1,2,0.3670774596019066,27,0,1,1,0,0,0.659202916327925
17,0,4,0.3150635348841615,6,0,1,0,0,0,3.04002543598107
16,0,4,0.5497703944089746,16,0,0,0,0,0,1.27823566601087
15,1,3,0.12079833637893606,21,0,0,0,0,0,
17,1,1,0.2086635877437288,25,0,0,0,1,0,0.776396705948381
17,1,4,0.3232172597429372,10,0,0,0,1,0,
15,0,3,0.282699151622766,23,0,0,0,0,0,
16,0,1,0.6790657182127081,14,0,0,0,0,0,2.01877689899652
18,0,4,0.4040452854283616,25,0,1,0,0,0,0.322286081625407
17,0,2,0.7184247151003973,29,0,0,0,0,0,
16,0,1,0.2883815092386159,15,1,1,0,0,0,2.17935706850043
18,0,1,0.8891769423915767,23,0,1,0,0,0,1.12392632774121
15,1,2,0.47397200111036686,23,0,0,1,0,0,0.929012554625937
15,0,1,0.5427065282920219,2,0,1,0,0,0,
18,0,3,0.8749649805989557,0,0,0,1,0,0,3.35365974329861
18,0,1,0.5618613280734976,25,0,1,0,0,0,
18,1,1,0.4365111814493183,5,1,1,0,0,0,3.36271621508511
16,0,1,0.6546728341575173,6,0,0,0,0,0,
18,1,4,0.49279051730149465,19,0,0,0,1,1,1.00411266268769
18,0,1,0.6551315996446107,0,1,0,0,1,1,
18,1,3,0.5490867547636641,3,1,0,0,1,0,
15,1,2,0.3231394408514934,17,1,0,1,0,0,1.66980705223294
15,0,4,0.39354823809026734,28,1,1,0,0,0,0.785213567683819
17,0,1,0.19342873286021364,0,1,0,0,0,0,3.15650806390945
18,1,1,0.6157207886390805,9,1,1,0,0,0,
17,1,1,0.9322522769206129,18,0,0,0,0,0,1.82092010861186
17,0,1,0.677081075068652,23,1,1,0,0,0,1.96484665637417
17,0,3,0.2649894751226254,23,1,0,0,1,0,1.0777476837996
18,1,1,0.031655604031419385,25,0,0,1,0,0,0.758814268784536
18,0,4,0.17614167728173524,0,0,1,0,0,0,2.90570297420742
16,1,1,0.13093761476054827,2,0,0,0,0,1,2.77841129992065
15,1,3,0.8879464614909444,15,0,0,1,0,0,
18,1,3,0.5944814966390829,27,0,0,1,0,0,0.731486867136845
16,1,1,0.5085028653389455,22,0,1,0,0,0,
15,1,4,0.07211766450830971,21,0,0,0,0,0,0.270088554634174
18,0,3,0.997177378213293,8,0,1,0,1,1,3.21462842569765
18,0,2,0.5381579292313893,9,0,0,0,0,1,2.60728640079044
18,0,3,0.4449595919271327,16,0,0,1,0,0,1.4633780357857
16,0,1,0.977605003069484,29,0,1,1,0,0,1.07848513481281
18,0,3,0.7947096297110177,22,0,0,0,1,0,
17,1,3,0.5177741716810444,13,0,0,0,1,1,1.92255148991971
16,0,1,0.8634613354727275,12,0,1,0,0,0,
16,1,1,0.5581284680881259,15,0,0,0,0,0,1.66306345319906
15,1,1,0.7349743032995748,14,1,0,0,0,0,2.19739459163981
17,1,3,0.5650184323536503,16,0,1,0,1,0,1.78300189556273
15,0,1,0.7236432187851993,3,1,1,0,0,0,3.56174326805711
17,1,1,0.28009045161725615,25,0,0,0,0,0,0.66207873669096
15,0,1,0.8465003473241843,9,0,1,1,0,0,
15,0,4,0.17069677196687616,15,0,1,0,0,0,1.67710080187645
18,0,1,0.6711815796812471,1,0,0,0,0,0,3.26830254785319
15,1,1,0.7938739784142333,6,0,1,0,1,0,3.46088465273172
17,1,4,0.07799500885859746,14,0,0,1,0,0,1.79536907819363
16,1,1,0.40450935768481794,16,0,0,0,0,0,
17,1,4,0.6682730068110462,12,0,1,0,0,0,1.9893957592572
17,1,1,0.3208966856592624,19,0,0,0,0,0,
15,0,1,0.48133782230616573,26,1,1,0,0,0,0.57427799975389
18,0,1,0.3835224178520351,25,0,0,1,0,0,0.384616972856488
15,1,1,0.8686733376755791,25,1,1,1,0,0,1.17990340668534
18,0,4,0.468988435598279,6,0,0,0,0,1,
17,1,4,0.9437683478686867,29,1,0,1,0,0,0.996647663021241
18,1,3,0.18860419719563917,7,0,1,1,0,1,
15,0,3,0.573141179209236,19,0,0,0,0,0,
15,1,4,0.9800452163492769,13,0,0,0,0,0,2.09664544050513
18,1,1,0.5041669372569401,20,0,0,0,0,0,1.3214272070131
18,0,4,0.1077363623463144,29,1,1,1,1,1,0.992296574251193
16,0,1,0.008816813625125031,11,1,1,0,0,0,
15,1,3,0.6879131787770318,15,0,1,1,0,0,2.41365187258427
15,0,1,0.04308094819010685,10,1,0,0,0,0,2.24045083837452
15,1,1,0.13811753716276381,7,1,0,0,0,0,
15,0,1,0.3256616477079164,20,1,1,0,1,1,1.65606012550047
17,0,4,0.10909394117655159,7,0,1,0,0,0,2.18642695133485
16,0,1,0.7109394099039384,23,1,0,0,0,0,
18,1,1,0.03310199374835959,8,0,0,0,0,1,
17,0,4,0.5855147651159396,15,0,0,0,1,0,2.38679950728126
17,0,1,0.3775982032265379,18,1,1,0,1,0,2.43493437884644
18,1,3,0.8832022711746773,10,0,1,0,1,0,
16,0,1,0.9448268047502163,21,1,1,0,0,0,1.58120387616277
15,1,4,0.7560358415471511,23,0,0,0,0,1,
16,1,1,0.34275243126293004,24,0,1,0,1,0,0.703573143781357
16,0,4,0.6181768889003685,1,0,1,0,0,1,2.7103913101189
17,1,1,0.9904355376122875,2,0,0,1,0,1,
16,1,1,0.6431502564314102,20,0,0,0,1,0,1.60107848806826
18,0,2,0.9400382628284317,10,1,0,0,0,0,
16,0,1,0.6048011475360638,28,1,0,0,0,0,0.695630933459946
15,0,4,0.291398834608696,19,0,0,1,0,0,1.36143470719074
17,1,3,0.8964074796150953,12,0,0,1,0,1,2.28850568525223
18,0,1,0.13246476803972163,20,0,0,0,0,1,
17,1,2,0.7427070648953961,12,0,0,0,0,0,
18,1,2,0.7317265129081449,25,0,0,0,0,0,0.777150954759191
17,0,3,0.4722900461147242,14,0,1,0,0,0,2.13178085391506
16,0,1,0.9103821869305885,27,0,0,0,0,0,0.970912378768146
17,0,1,0.08748935374562648,24,0,0,0,0,0,
16,0,4,0.013574356101080789,13,0,0,0,0,0,
17,1,4,0.12010726874082595,6,1,0,0,1,0,2.80669776419183
16,1,1,0.07201277260704707,20,0,1,1,0,0,1.39563067511414
18,1,3,0.8749063476124953,20,1,0,0,0,0,
18,0,1,0.3034188661388713,24,0,1,1,0,0,
16,0,4,0.6889933955076754,26,0,1,0,0,0,0.673525945690306
16,0,1,0.6915907622285903,3,0,1,1,1,1,
18,0,1,0.5990909174662944,16,1,0,0,0,0,1.50033941893455
15,1,2,0.2410721115082034,22,0,0,1,1,0,0.81655065967435
17,0,1,0.3562723765931726,27,1,0,1,0,0,0.962072486291986
15,0,4,0.732825773293871,6,0,0,1,1,0,3.2221400896055
16,0,4,0.42544337992075865,29,0,1,1,0,0,0.552257573424865
16,0,4,0.270106988427809,17,1,0,0,1,0,1.71799592434853
16,0,1,0.27503877629877466,21,0,0,0,0,0,0.604613405510861
18,0,1,0.24479883059544053,7,0,0,0,1,0,2.51530027225625
16,0,4,0.3814543675237675,18,1,0,0,0,0,
15,1,4,0.27329929369666317,3,1,1,0,0,0,3.94176002244426
16,0,1,0.8191247538315545,3,0,0,0,0,0,3.10122922050413
18,0,1,0.6908625814368325,2,1,0,0,0,0,
18,0,1,0.6603293597260003,10,0,0,0,0,1,2.37962828320693
15,0,1,0.4566299337918585,26,0,0,1,1,0,0.685472869679455
17,0,1,0.40960624714920374,28,1,0,0,0,0,
15,1,4,0.4207670944977992,2,0,0,0,1,0,3.30055220627926
15,0,3,0.1811752828310218,15,1,0,0,1,0,2.19777672718566
17,1,4,0.23191733810488577,25,0,1,0,1,0,0.839976523739633
15,1,1,0.6051776144005083,24,0,0,1,0,0,1.16965823809734
18,0,1,0.9033033846299054,0,1,1,0,0,0,
17,0,1,0.8054546603533603,13,0,1,0,1,0,
18,0,1,0.7547592512537474,14,0,1,0,0,0,2.60539926402091
18,1,1,0.037369850289352705,20,0,1,1,0,0,
18,1,4,0.8241185345269706,16,0,0,1,0,1,1.5994240761324
17,1,3,0.033090518556044335,17,0,1,0,0,0,1.341598476825
15,0,3,0.2528650671726791,12,1,0,1,0,0,
16,0,1,0.15623929662486624,10,0,1,1,1,1,2.36312145975006
17,1,4,0.2515267090448586,11,0,0,1,0,1,
17,0,4,0.1784024221918453,26,0,1,1,0,1,
16,1,1,0.17351421207303291,24,0,0,0,1,0,
18,1,1,0.45102817068423245,23,0,0,0,0,0,0.737048752292923
16,0,1,0.7760186457908725,12,0,0,0,1,0,
15,1,3,0.022146640619481066,25,0,1,0,0,0,
17,0,1,0.38889974607635314,15,0,0,1,0,0,2.12509059499954
18,0,1,0.8770523281185744,17,0,1,1,0,0,1.78592698583997
17,0,4,0.11730665841178681,6,1,1,0,0,0,2.50200913363261
16,0,1,0.6618830102355587,12,0,1,0,0,0,1.73894213432306
17,1,4,0.2519120219054767,12,0,0,0,0,0,2.0622007000872
17,0,2,0.3697132504417774,13,0,0,0,0,1,
18,1,1,0.0003887368874640109,24,0,0,0,0,0,0.233349880471507
15,0,1,0.3302273037303263,19,0,0,0,0,0,0.947133463249817
17,1,1,0.12703120637274104,14,0,0,1,0,0,2.13665320911732
18,0,1,0.4109350190954897,1,0,1,0,0,1,2.89826181716279
17,1,1,0.9615144335393234,24,0,0,0,0,0,1.43637544540519
16,0,1,0.9124210325415022,0,0,0,0,0,0,
15,0,4,0.6413518246138099,1,0,0,1,0,0,2.89567130465918
18,1,1,0.3866004400304113,0,0,1,1,0,0,
16,1,3,0.07940082326180406,4,0,0,0,1,1,2.28387095613807
17,0,3,0.45459528899511753,19,0,0,0,0,0,1.17534765812081
16,1,4,0.00524014583644747,28,0,0,0,0,0,0.0
16,1,1,0.34675442434261516,22,0,0,1,0,0,1.16155453109493
16,0,1,0.2275830178603371,20,1,1,0,0,0,1.26567790919943
18,0,1,0.3884892419132673,12,1,1,0,0,0,1.7536230683511
15,1,1,0.9418606661115725,9,0,1,1,0,1,
15,0,1,0.9471036927336048,10,0,0,1,1,0,
18,1,4,0.45582989031965787,4,0,0,1,0,0,3.04227536933367
18,0,3,0.30142666904616133,4,0,0,0,0,0,
17,1,1,0.16903710227648902,4,0,0,0,1,0,2.31804652109334
15,0,4,0.7259068301831467,17,0,0,0,0,0,1.84964338845104
18,0,4,0.13528521246532557,5,0,0,0,0,1,2.24172797245966
16,0,4,0.18120755868515626,5,0,1,0,0,0,2.80797412962046
18,0,3,0.9958585504829713,2,0,1,0,0,0,
15,1,1,0.6990998144828076,29,1,0,0,0,0,0.875201088042239
15,1,1,0.668337502014985,28,0,1,0,0,0,1.11384878785912
16,0,2,0.2850155517615301,9,0,0,1,0,0,
16,1,1,0.03787624644549656,11,0,0,0,0,0,1.96651404178652
18,0,1,0.2591467910861832,21,0,0,0,0,0,
15,0,4,0.476448298826901,4,1,1,0,0,0,3.20846174618405
17,0,1,0.20729147993608138,19,0,1,0,0,0,1.06584867320584
18,1,1,0.3976772732419294,15,1,0,1,0,0,1.25345185421586
18,0,1,0.6117564491532708,21,0,0,0,0,0,0.612802502343138
16,1,1,0.7517561806147002,9,0,0,0,0,1,2.57289042010417
18,1,1,0.8044961814074065,18,1,1,0,1,0,
16,1,1,0.04188186363358453,27,0,1,0,0,0,
17,0,1,0.28804838443494063,26,0,0,0,0,0,
17,0,1,0.6050561708086516,29,0,1,0,0,1,
15,0,3,0.5097212472971849,21,1,0,1,0,0,
17,1,2,0.6402527764695577,4,0,0,0,0,0,3.10167380901511
15,1,1,0.9501340970278356,29,1,1,0,0,0,0.995449641880406
17,1,2,0.36749583738874664,26,0,0,0,0,0,0.273190929158343
16,0,1,0.41887746041629836,1,0,0,0,0,0,2.60783935250286
17,1,1,0.7618118857914801,20,0,0,0,0,1,0.999088543897427
17,1,3,0.6124670062199676,21,1,1,1,0,0,1.52686783179272
16,1,1,0.05604271572997934,24,1,0,0,0,1,
15,1,1,0.13852530815502542,28,0,1,0,0,0,0.0815731844151463
18,0,1,0.23758506868020854,16,0,0,0,0,0,1.5147637597129
15,0,1,0.3271884909030061,8,0,0,1,0,0,2.38469079135841
18,0,4,0.0442561375635643,24,0,1,0,0,0,
17,1,1,0.6751223564264988,11,1,1,0,1,0,
18,1,2,0.9505604636457811,20,1,0,0,1,0,
18,1,1,0.4490302244324712,24,1,0,1,0,0,1.16974580305184
16,0,2,0.22313034168962975,18,1,1,1,0,0,1.63040013160605
18,1,1,0.21287009080415814,29,1,1,1,0,0,0.912415620835426
17,0,4,0.7171832393658593,20,0,1,0,0,1,
18,0,1,0.13406637529829404,26,0,0,0,0,0,0.559143715511845
15,1,1,0.7205838487147294,21,0,0,0,1,1,1.554112898573
15,0,1,0.8567031559928052,23,0,0,1,0,0,
16,1,1,0.7494578643823787,5,0,0,0,0,0,3.28207005059375
17,1,1,0.7295140656066045,14,0,0,0,1,0,2.49612193603352
18,1,1,0.017665448866729595,19,1,0,0,0,0,0.730366159312876
18,0,1,0.9505502338502185,21,0,0,0,0,0,1.08888248217789
15,0,4,0.9653277654881574,3,1,0,0,0,0,3.57690901545907
18,0,1,0.1129218156106234,18,0,1,1,0,0,1.81861256045843
15,0,1,0.7819324079864116,26,0,1,0,0,0,
18,0,4,0.3984747377592943,5,0,0,1,0,1,
17,1,4,0.12703247329726847,26,0,1,0,0,0,
17,1,1,0.6876105614695158,6,0,1,1,0,0,2.80207383436595
15,0,1,0.044567730374041714,11,0,0,0,0,0,1.85829630667519
16,1,1,0.40648555598709263,5,0,0,0,0,0,2.7583418311647
16,1,1,0.2745547912368615,1,0,0,0,0,0,2.83357611077892
18,1,2,0.8055139494829475,20,0,0,0,1,0,1.28766735664722
17,1,1,0.7868232118737344,11,0,1,0,0,0,2.45622379444605
15,1,3,0.30283851077350227,7,0,0,0,0,0,2.52269454789148
18,1,3,0.5525213531257553,4,0,1,0,0,0,2.87190477041878
16,0,3,0.2893497119886391,10,0,0,0,0,0,2.02784192224157
16,0,3,0.05801053869278768,17,1,1,1,0,1,1.63568673277781
15,0,1,0.18933427233860772,2,0,0,0,0,0,
16,0,1,0.859973525163114,26,0,0,0,1,0,0.962149219890531
16,0,1,0.27019198599544425,11,0,0,0,1,0,2.09661621144669
15,0,2,0.7080317477197832,4,0,0,0,0,0,2.53343239579791
18,0,1,0.42379573029114176,13,0,0,1,0,0,
15,0,1,0.9333595298775235,6,1,0,0,1,0,2.8534371942018
18,1,1,0.13490374390199567,12,0,0,0,0,0,1.72159796263586
18,1,4,0.1993740975246055,15,1,0,1,1,0,1.92216590907957
16,0,1,0.3881314050465584,13,0,0,0,0,1,1.88561478548442
15,0,1,0.5305246848854733,4,1,0,1,0,0,3.01735322708325
16,0,1,0.7736531208274869,27,0,0,0,1,0,0.854464647771315
17,1,1,0.3823356445767498,24,0,0,0,0,1,
17,0,1,0.0835681058338726,29,0,1,0,0,0,0.217042010705896
17,1,1,0.48661965569713816,2,1,0,0,0,0,3.40240159080225
17,0,1,0.01169154415827761,27,0,1,1,1,0,
16,0,1,0.313587150233266,7,0,0,0,0,0,2.10444993147125
17,1,3,0.060935785870538356,15,0,1,1,0,1,1.75797880350143
17,1,4,0.2523510231100357,14,1,1,0,0,0,
15,0,1,0.7783256916437397,28,0,1,0,1,0,1.26284873179529
18,0,4,0.8552405605104519,3,1,0,1,0,0,
16,0,2,0.6796043772148213,27,0,0,1,0,0,
17,0,2,0.5725610756392012,1,0,1,0,0,0,
15,0,1,0.36364305756392795,4,0,0,0,0,0,
18,0,1,0.37628198639665184,17,1,0,0,0,0,1.67203405836784
16,0,1,0.1964287610572056,12,0,0,0,0,0,1.61653609874521
16,1,1,0.17121091735002608,12,1,1,1,1,0,2.60026418690733
15,0,4,0.7299144223671467,4,0,0,0,0,0,
18,0,1,0.2976806259178735,20,1,0,0,0,0,0.968725634893168
15,1,1,0.588458255333356,20,0,0,0,1,0,
15,1,1,0.18911165201621147,22,0,1,0,0,1,1.11991126295732
18,1,1,0.8062127003638305,24,1,0,0,1,0,1.10589986959556
17,1,3,0.5544246200486588,18,0,0,0,0,0,
17,1,2,0.7628518456601332,17,1,1,0,0,0,
16,0,1,0.040007844965700555,16,0,0,0,1,0,
15,1,4,0.5548669862836224,24,0,0,0,0,0,0.952675033052533
16,1,2,0.002624524703603728,21,0,0,0,0,1,
17,1,3,0.8624198347466238,11,0,0,0,1,0,2.81542127530912
17,1,1,0.47711122773853926,2,0,1,0,0,0,2.71920115674061
17,1,3,0.7989830624127453,23,0,0,0,1,0,
16,1,4,0.15757152325078064,13,1,0,1,0,0,
16,0,4,0.4818265738336303,14,0,0,0,0,0,1.64828892235472
15,0,3,0.2029940062469852,23,0,1,1,0,0,1.48485769746784
15,1,2,0.489764860255431,13,0,0,0,0,1,1.30164373587937
16,0,1,0.5551870127454275,3,0,0,0,0,0,2.809311538791
16,1,4,0.061262809469940706,11,0,1,0,1,0,
16,1,3,0.05609138817049646,21,0,0,0,0,0,
18,1,1,0.9671669211649525,7,0,1,1,0,0,2.59683449026146
15,0,1,0.7344547534770179,26,0,1,1,0,0,0.556828032953946
18,1,3,0.007968941121400164,17,1,1,0,0,1,1.8687585897072
16,1,3,0.6146616216006852,22,0,0,0,0,0,1.5830839708839
15,1,2,0.053752530002535326,16,1,0,1,0,0,1.77856920228702
16,1,2,0.5638416311445434,21,0,0,0,0,0,0.850743864501521
17,0,4,0.45281865496556145,20,1,0,0,0,0,1.6719686529505
15,1,1,0.614985167633332,3,0,0,0,1,0,3.26879421556022
18,0,3,0.4394980423680275,17,0,1,0,0,0,1.62246463031856
18,1,1,0.6509800494824975,22,0,1,1,0,1,1.17618903371447
17,0,2,0.5814871205908461,18,1,0,0,0,0,
18,0,1,0.6490930389250538,20,0,1,1,0,0,1.36274436915864
15,1,1,0.6558042749528588,23,1,1,1,0,0,1.0460447710801
16,0,1,0.3972745759194879,7,1,1,0,0,0,
15,0,3,0.21054388660073128,26,0,0,0,0,0,0.112602254466182
16,0,1,0.5837731552952486,27,0,1,0,0,0,0.275935100071076
15,0,2,0.1280400878645255,17,1,1,0,0,0,1.28362207754783
16,1,1,0.8971872663798475,6,0,1,0,1,0,3.1674552770752
18,1,1,0.8218023187418039,24,0,0,0,0,1,1.17576802523584
15,1,1,0.8417080494736212,5,0,0,0,1,0,3.35017911059249
18,1,1,0.7962481554213584,13,0,1,0,0,0,1.92410231989277
17,1,1,0.9898207230945275,1,0,1,1,0,0,3.51068088997307
16,1,3,0.07488971400940277,10,1,0,0,0,0,
18,0,4,0.6628810053763774,14,0,0,1,0,0,2.58411065506386
18,0,1,0.4683283032818369,9,1,0,0,0,0,
16,0,3,0.2834563153770557,22,1,1,1,0,0,
17,1,4,0.44889524878630915,4,0,1,0,1,0,2.67908571805819
18,0,4,0.2561268396039227,13,0,0,0,0,1,1.53154645971957
15,1,1,0.8384780454767581,8,0,0,0,0,0,2.34844345354412
16,0,3,0.03446590903082359,11,0,1,1,0,0,1.99957186070218
17,0,2,0.19622131671815496,14,0,1,0,0,0,1.89814640028122
16,1,2,0.6804978893918012,3,1,0,1,0,1,
16,0,1,0.40300797507888253,24,0,1,1,1,0,1.11622846134503
16,1,1,0.41325622921882327,6,1,0,0,1,0,3.08119355477874
18,0,1,0.46297210136889166,11,0,0,0,1,0,2.60537536880418
18,1,4,0.29511400903172347,0,0,0,0,0,0,3.54845982608695
18,0,1,0.3485192719167955,25,0,1,1,0,1,0.895261805081618
15,0,3,0.7170815532377426,25,1,0,0,0,0,1.30239288425008
18,1,3,0.012633688020539924,15,0,1,1,1,0,
15,0,1,0.8412626401229096,27,0,1,1,0,0,
18,0,1,0.11610205433855972,16,0,0,0,0,1,
17,0,1,0.08670972881879795,24,0,1,0,0,0,
15,0,1,0.6702741574222162,18,0,0,1,1,0,
17,1,1,0.03248829168610887,8,0,0,0,1,0,
16,0,3,0.10041729057214192,18,0,0,1,0,0,1.23414138892773
15,0,2,0.07392103814753385,12,0,0,0,0,0,
15,0,1,0.441327534050956,12,1,1,0,1,0,
16,1,3,0.02967745225047676,26,0,1,1,1,0,1.02092636510264
15,0,1,0.8817665300148754,26,0,0,0,0,0,1.22041797644199
18,1,1,0.4213293474968199,23,0,1,0,0,0,0.630756943866611
17,1,1,0.5063434714214223,12,0,1,0,1,0,2.32990964519117
15,1,1,0.5713945734011358,0,0,0,0,0,0,3.09336394332428
18,1,2,0.6716757827840588,10,0,0,1,0,0,2.64419420907048
15,0,1,0.17663055342014805,24,0,1,0,0,1,
17,0,1,0.46479125611861083,0,0,1,0,1,1,
15,0,1,0.4869678388412332,17,1,0,1,0,0,
15,0,3,0.9775482302085038,17,0,0,0,0,0,1.44196419700656
17,1,1,0.49102524675070897,1,0,0,0,0,0,
16,1,1,0.8604327393713894,19,1,0,0,0,0,1.89334447203145
16,0,1,0.720495491788561,19,0,1,1,0,0,1.89528334324859
18,1,1,0.35514748155057807,11,0,0,0,0,0,1.38646456150001
18,0,1,0.014625920209332054,27,1,0,0,0,0,0.341822388417712
15,0,4,0.40756986917079757,22,0,1,1,0,1,1.14964962675465
16,1,4,0.6900740981689173,0,0,1,0,0,0,3.84128624851289
17,1,1,0.6455969154496842,27,0,0,1,0,0,0.701761807833273
16,0,3,0.5319827394406075,23,0,1,0,0,0,0.871999115029432
16,0,1,0.3940607043587445,0,1,0,0,1,0,
15,1,3,0.5837529475518303,29,0,1,1,1,0,0.923831697708389
16,0,1,0.1970948036289044,8,0,1,1,0,0,2.33804635759037
16,1,1,0.12650484764955147,29,0,0,1,0,0,0.115243210958291
15,0,1,0.3984423360365419,22,0,0,0,0,1,0.93401639580119
18,1,1,0.4554511673641604,23,0,0,1,0,0,0.949974228123857
15,0,1,0.24227412588664327,21,0,0,1,0,0,1.52691604619684
16,0,1,0.3598542234484494,10,1,0,0,0,0,2.18279522115223
16,1,4,0.5916420136049722,24,1,1,1,0,0,
15,0,4,0.7933594920662161,17,0,1,0,0,0,1.76435430865372
17,1,4,0.850883644433448,8,0,1,0,0,0,2.6743510954521
17,1,1,0.0003159403410888602,19,0,1,0,0,0,1.38352807789466
17,1,1,0.20930069779087998,0,0,1,1,0,0,
17,1,4,0.7392130819497441,20,1,0,1,0,0,
15,1,1,0.35260560863248197,28,0,0,0,0,0,0.247626765086563
16,1,1,0.06682452188025033,16,0,0,1,0,0,1.37875130796193
18,1,4,0.651717008238767,11,0,0,0,0,0,2.20584214703034
16,1,2,0.5496193973185259,17,0,0,0,0,0,2.30029613516737
15,0,3,0.27757487510474965,28,0,1,0,0,0,0.21431950358434
18,1,1,0.8123698039828235,24,0,1,1,0,0,1.46842888459313
16,0,1,0.7162537139222588,18,1,1,0,0,0,
18,0,1,0.817250367434869,26,1,0,0,0,0,
18,1,1,0.03854849095739244,22,0,0,0,1,0,0.546839868304948
18,0,1,0.2526848570342816,22,0,0,0,1,0,
15,1,1,0.5155469075842497,7,0,1,0,0,0,
16,1,1,0.6869831195217436,16,0,0,0,1,0,1.96096884865323
18,1,2,0.7200471931384356,16,0,0,0,0,0,
15,1,1,0.07298860014421481,25,1,1,0,0,0,1.04646340029671
16,1,3,0.4615460283347206,4,0,1,0,0,0,
15,1,2,0.4196787994596087,19,1,1,1,0,0,
18,0,3,0.5284570731504834,0,0,0,0,0,0,2.92396974006305
15,1,4,0.7733702447759145,16,0,0,0,0,0,1.41893867450383
15,0,2,0.6281006907533389,0,0,0,0,0,0,
17,1,1,0.17743166067564556,5,0,0,0,0,0,2.77238853678324
15,1,1,0.30348046747547497,9,0,0,1,0,0,2.20486058099732
18,1,1,0.9374490748490664,18,0,0,0,0,0,1.73798961872145
17,1,1,0.11512753453331422,12,0,0,0,0,0,1.44874124152656
16,1,1,0.8381861573336447,7,0,0,0,0,0,
17,1,1,0.8328216269657972,3,1,0,0,0,0,
18,1,1,0.18549176244330268,25,0,1,0,0,0,1.0036141456872
18,1,1,0.47716384466689604,5,1,0,0,0,0,2.75779793056558
15,0,1,0.2580489797628836,14,1,0,0,1,1,1.41522149052124
16,0,1,0.7332885087081061,26,0,0,1,0,0,
17,0,2,0.21006178073306803,12,0,1,0,0,0,2.23118293194625
17,0,1,0.19730314796771115,17,0,0,0,0,1,0.821701669770558
17,1,1,0.6545511466279382,23,0,1,1,1,0,1.66892454578661
15,0,1,0.2467755778883695,6,0,1,0,0,0,
17,0,1,0.33294797590731495,13,0,1,1,0,0,2.25501910293114
16,1,3,0.9329810970209197,5,0,0,1,0,0,
17,1,3,0.3462336237805372,3,0,0,0,0,0,
15,0,1,0.9215371987208848,22,0,0,1,0,0,0.640439809231447
16,1,1,0.9874122788959069,11,0,0,0,0,0,
16,1,1,0.6974868797652582,26,0,1,0,0,0,0.645454380244234
16,1,4,0.8109930022975134,24,0,0,0,0,0,0.769589864228078
18,1,2,0.4683751673419124,21,0,0,0,0,0,0.766273679152981
18,1,1,0.16899085941433648,8,1,0,1,0,0,
15,0,3,0.45236332027966536,1,0,0,0,0,0,2.67209336430009
16,1,4,0.0753020711896753,3,0,0,0,0,0,2.73266119714952
15,1,1,0.2741531446018384,7,0,0,0,0,0,2.20295850571128
15,1,1,0.537072408971448,13,1,0,0,0,0,2.1537583398694
16,1,1,0.5053386586053575,23,0,0,1,0,0,0.891624045971172
15,1,1,0.26840600354836414,15,0,0,0,0,0,
16,1,1,0.09434162642485533,6,0,1,0,1,1,2.52614214142023
17,1,1,0.7367754866916509,22,0,1,0,1,0,1.29340882698093
18,1,1,0.62338234253784,15,0,0,1,0,0,
16,1,1,0.10672967821438635,8,0,1,1,0,0,1.97937941376969
15,0,1,0.9501850352374767,16,0,1,1,0,0,
16,1,3,0.3358206867696415,19,1,1,0,0,1,1.62092123850638
16,1,1,0.4489727893273268,9,0,1,1,0,0,2.99940914692644
18,1,1,0.31346996420012485,20,0,1,0,0,0,
17,1,3,0.5103446065582415,14,0,1,1,0,1,
15,1,1,0.20450778349696383,20,1,0,0,0,0,1.36108822691039
15,1,1,0.31682830910305165,19,0,0,1,0,0,1.69185894616234
15,0,4,0.16282355157601278,8,0,1,1,0,0,2.55680166283342
17,1,4,0.32966795813676364,18,1,0,0,0,0,1.51005869748844
15,1,4,0.8815960628450972,9,0,0,0,0,0,2.38083986903929
16,1,1,0.6703113038908182,28,1,0,0,0,1,
16,0,1,0.6916692150072453,14,0,0,0,0,0,
18,1,1,0.14149000067015716,18,1,1,0,0,0,
18,1,4,0.49871574198029367,28,1,0,1,0,0,
16,1,4,0.6216621726290732,17,0,0,1,1,0,1.80329676262921
18,1,4,0.3947212728492505,26,0,0,0,0,0,0.115231854848827
17,0,1,0.33746878398550245,6,0,0,0,0,1,
16,1,4,0.45498219476634455,19,0,0,1,0,0,1.6117379539626
17,1,4,0.961419053480194,8,0,0,0,0,0,
17,0,4,0.048969083528206864,15,0,0,1,0,0,
18,1,1,0.25482358615398687,6,1,0,0,0,0,2.52760669394052
15,0,4,0.41137371152701885,12,0,0,0,0,0,
18,0,1,0.6892563958050961,27,1,1,0,1,1,0.922013231542936
15,0,3,0.8779351586729189,24,0,1,0,0,0,0.859745288455254
15,0,4,0.0994593383839328,13,0,0,1,1,0,
15,1,4,0.0148927879591258,23,0,1,0,0,0,0.192625111740147
15,0,4,0.06774283975696002,22,0,1,1,0,1,
15,0,2,0.4417475899394276,27,0,0,1,0,0,
15,0,1,0.9103189138368318,21,1,0,1,0,0,1.90764037980734
15,1,3,0.35814886042235194,27,0,1,1,0,1,0.779551721518613
18,0,1,0.11663353427471757,22,1,1,0,0,0,
15,1,1,0.20990697919093793,1,1,0,0,0,0,2.92403211515863
16,1,4,0.7059075044678632,8,1,1,0,0,0,2.80983320749407
15,0,1,0.5575146510105667,24,1,0,0,0,0,0.690156790827648
18,1,3,0.3874156710764845,15,0,1,0,0,0,1.60527438617543
18,1,1,0.9036335537254455,12,0,0,1,0,0,
17,0,1,0.19102862059038628,12,1,0,0,0,0,2.1973872900257
16,1,1,0.1417235100903062,27,0,0,0,0,0,
17,0,1,0.3976133833404391,6,1,0,0,0,0,
16,1,1,0.6906677271133576,13,0,0,0,1,1,
15,0,4,0.012379450833628342,8,1,1,0,1,1,2.56703180283306
18,1,1,0.0930701484517618,21,0,0,0,0,1,
17,1,4,0.48989134021948744,9,0,0,1,0,0,
17,1,1,0.1302079878831616,9,0,0,1,0,0,2.57321913650581
17,0,1,0.5211510302658515,21,0,0,0,0,1,0.905209948255469
16,0,1,0.5190259148699159,2,0,0,1,0,0,
15,0,1,0.9770606681064531,28,0,0,0,0,1,
17,1,4,0.9159968490095052,21,1,0,0,0,0,
18,1,4,0.2986405179568672,0,0,0,0,1,0,
15,0,3,0.5635446864244746,20,0,0,1,1,0,1.70441508856823
17,0,1,0.810180614443244,29,0,0,0,0,0,0.588555623165022
16,1,1,0.3405478285135625,20,0,0,0,0,1,1.14233287952616
17,0,1,0.3108149373301017,14,0,1,1,1,0,1.88158898662636
17,0,1,0.715718116172249,7,0,0,0,0,0,2.62512809773223
17,1,3,0.6452995187600105,17,0,0,1,0,0,1.59136573814251
17,1,4,0.2981687171594912,1,1,1,0,0,0,3.45379061889631
18,1,1,0.5714132063914247,21,1,0,0,1,0,
16,1,1,0.33801582886990755,0,0,1,0,0,0,3.29433243714391
18,1,3,0.4897846301133554,15,0,0,0,0,1,1.59043309835654
17,1,1,0.8192055079946043,10,0,0,1,0,0,
15,1,1,0.20967459881243047,17,0,1,0,0,0,1.5269602894053
16,1,1,0.505627801967293,14,1,0,0,0,0,1.91460184446419
17,1,4,0.6562812959178893,20,1,0,0,0,0,1.57675647058922
16,0,2,0.3426110144885497,25,1,0,1,0,0,0.567237106799995
16,1,1,0.25424922841782555,0,0,0,0,1,0,2.9839199495865
18,0,3,0.4250127201436096,12,0,0,1,0,0,
18,1,3,0.41484979969065616,25,0,0,1,0,0,0.717780497596894
16,1,2,0.9486476894202402,7,0,0,1,1,0,3.31820802902305
16,1,3,0.707056762261376,17,0,0,1,0,0,2.35881589745505
16,0,2,0.36540574594893316,27,0,0,0,0,0,0.0
15,1,4,0.5389921996822655,29,0,0,0,0,0,0.378543634539165
17,0,1,0.33882345893007804,9,1,0,1,0,0,2.61383869367367
18,1,1,0.8558619921559119,8,0,0,0,0,0,2.57692769545217
16,1,4,0.672675402346486,4,0,0,0,1,0,2.99291233609374
15,1,4,0.10274807372325663,29,0,0,1,0,1,0.617680423591372
15,0,1,0.4542517756048978,6,1,0,0,1,0,2.89340029465356
16,1,3,0.280617389630673,12,0,0,0,0,0,2.10254189855436
15,0,3,0.2941844209501437,23,0,1,1,0,0,1.09338757062555
17,1,4,0.31400242144749746,6,1,0,0,1,0,
17,0,1,0.8949052293386978,25,0,0,0,0,0,
15,0,4,0.8853494994029282,8,0,0,1,0,0,2.27566511307524
16,1,3,0.9012928386421613,5,0,1,0,0,0,3.05569020747344
16,1,4,0.6388668456589234,18,0,0,0,0,0,
16,1,1,0.6075211159597391,19,0,0,0,0,1,1.47290049342708
18,1,1,0.5503105426072178,28,0,0,0,0,0,0.405904831428425
16,0,3,0.5779427081803554,1,0,1,1,0,0,3.48751066822196
16,1,3,0.7130825728448447,16,0,1,0,0,0,1.87854750994844
16,1,4,0.32925621504555086,6,0,0,0,0,0,2.09606565162715
16,0,3,0.270517399624442,26,0,0,0,0,0,0.0
16,0,1,0.8391015180926975,15,1,0,1,0,1,2.35373115175654
18,1,3,0.04356581817321509,25,0,0,0,0,0,0.500508035804656
15,1,1,0.09828773785419627,21,0,1,0,0,0,1.06193599665201
18,1,1,0.8639845763044369,22,1,1,0,0,0,1.55695712212336
17,0,1,0.877650445933896,4,0,0,0,0,0,3.11525055585478
18,0,1,0.5869431394911786,28,0,0,0,1,1,0.798886572642257
17,0,3,0.21458822730171262,1,0,0,1,1,0,2.80450492891169
16,1,2,0.9516943116991498,1,0,0,0,1,0,3.20967332836046
18,0,3,0.9478541544899769,10,0,1,1,0,0,
15,0,4,0.7812295564919872,10,0,0,1,0,0,
15,0,3,0.5304828655140146,12,0,0,0,0,1,1.62101211474317
16,1,1,0.4098580396180323,15,1,0,0,0,0,2.06079245909585
15,0,1,0.25693884914015536,22,1,0,0,0,1,0.675458390528462
16,1,2,0.6616360937237712,15,1,1,0,1,0,
15,0,3,0.16464224561978633,26,1,0,0,0,0,0.278215459239072
17,0,1,0.9472490197856992,20,0,1,0,0,0,1.72211575024059
16,1,4,0.945512141500551,11,1,1,0,0,0,
16,0,2,0.4409061575483413,3,0,0,0,0,0,
18,0,1,0.6436751826029804,19,1,1,0,0,0,1.55676555690832
17,0,3,0.4027665982791798,8,0,1,1,0,0,
17,0,1,0.49556261834619003,14,0,1,0,1,0,2.37198291481847
18,1,4,0.44167421008742946,1,0,0,0,0,1,3.13918930482504
15,0,1,0.01759115566807878,21,0,0,1,0,1,0.438981740569069
18,1,4,0.7853408536323598,1,1,0,1,0,0,3.9514599508156705
18,0,4,0.9247292148499697,19,0,0,1,1,0,1.70519938891902
16,0,4,0.6883515181251458,8,0,0,0,0,0,1.93560256078346
18,0,2,0.7378765121150089,4,1,1,0,0,0,3.01713368239131
17,0,3,0.9836237145884283,17,0,1,1,1,0,2.49537949684787
17,1,4,0.140530088361884,2,1,0,0,0,0,3.03329195350139
17,1,1,0.12963814542620727,15,1,0,0,0,0,1.91696189612943
15,0,1,0.9727447040237772,0,0,0,1,1,1,4.0
16,0,3,0.9947320728804157,24,0,0,1,1,0,
16,0,1,0.011146543640614424,26,0,0,0,0,0,
17,1,1,0.6944835858814722,11,0,0,0,1,0,
17,0,3,0.8728726952986652,5,0,0,0,0,0,2.22851142972296
16,0,1,0.9577162046928758,29,1,1,1,0,0,1.62300407500905
16,1,1,0.6708804982615302,20,1,1,0,1,1,1.52374874473373
17,0,3,0.07561984794747682,6,0,1,0,0,0,2.07877789908114
18,1,1,0.056843743557567945,20,1,1,0,0,0,0.822773566966738
15,0,3,0.7214608744580131,5,0,1,0,0,0,
17,0,1,0.00892642382428391,29,1,1,1,0,0,
15,0,1,0.9185159074764788,4,0,1,0,0,0,3.4922119973943
16,1,1,0.9392229680240849,5,1,1,0,0,0,3.09906465003125
15,1,4,0.7413796484254817,20,0,0,0,0,0,
16,0,1,0.843733416618192,18,1,0,1,1,0,1.91995643991821
15,1,3,0.5989670420004379,9,0,0,0,0,0,
18,1,4,0.48149357064074205,15,0,1,0,0,0,2.09603262493828
17,1,1,0.37390519023899843,23,0,0,0,0,0,0.424432894622909
16,0,1,0.2962506341369836,29,0,1,0,0,0,0.736992885548814
18,1,1,0.1491618553728707,12,0,1,0,0,0,
15,1,1,0.6255378843726047,0,0,0,0,0,0,3.56628312996711
15,1,1,0.9340939690385279,27,1,1,1,1,1,
18,1,1,0.1763596131259275,16,1,0,0,0,0,1.38440417569403
18,1,4,0.5762891951202844,27,0,0,1,0,0,0.693964851862346
16,0,1,0.38231357445338454,19,0,0,0,0,1,
17,1,1,0.36760412742228044,25,0,0,0,0,0,0.346470592590277
15,1,2,0.32041414276670377,12,0,1,1,0,0,2.02541698239946
15,1,1,0.8596742573516089,29,0,0,1,0,0,0.702760318863438
17,1,1,0.6153580740060087,20,1,1,1,1,0,1.81027074428876
15,0,1,0.4070410503634169,17,0,0,0,0,1,
18,1,1,0.2578046372912979,24,0,0,0,0,0,
18,1,1,0.9350655535711173,4,1,1,1,0,1,3.83669864024059
18,1,1,0.7931301140180202,7,0,0,1,0,0,3.01013552753325
17,1,1,0.6507510665880034,11,0,0,0,0,0,2.02177149436938
15,1,1,0.6691041516430629,2,0,1,0,0,0,3.01289748675921
15,0,1,0.8228055578934201,6,0,0,1,0,0,3.07213660648793
17,0,3,0.12493477540884251,17,0,0,1,0,0,
18,1,3,0.9160289318368923,19,0,0,1,0,0,1.583780257938
15,1,1,0.7595061867827521,12,0,1,0,1,0,2.42358536696607
16,0,1,0.3918286690405148,28,0,0,1,0,0,0.745518983001618
18,1,2,0.23928339934173234,15,0,1,0,1,0,1.75554402334139
17,0,3,0.703858758634559,11,0,0,1,0,0,2.314587627811
18,1,3,0.9216205365071899,26,0,0,0,1,0,
16,1,3,0.3296292912240603,27,0,1,0,0,0,0.473623395542819
17,0,1,0.5406983987362675,18,0,0,0,0,0,1.3180744589421
15,1,3,0.6457332514852177,14,0,0,1,0,1,
16,1,1,0.9146156403805298,29,1,0,0,0,0,0.913127809005024
16,0,1,0.8629322795688367,16,1,1,1,0,0,2.63143406512442
17,0,3,0.2645265985996451,19,1,1,0,0,0,1.76099967884695
15,0,1,0.12621854979082076,19,0,0,0,0,0,1.13596989059643
15,0,2,0.0400029138700397,3,0,1,0,1,1,3.20171021701525
18,0,3,0.24200542989134402,23,0,0,0,0,1,0.539645751276114
16,0,1,0.8964404089080867,29,0,1,1,1,0,
18,0,1,0.733505653764094,14,1,0,0,0,0,2.40146999516293
18,1,2,0.5657926924389937,7,0,0,0,0,1,
17,0,1,0.8454823590071269,18,0,1,0,0,0,
18,0,4,0.36889144445621164,17,0,1,0,0,0,1.4699645571763
18,1,3,0.5368538724034498,3,0,0,1,0,1,3.33278858789347
18,1,1,0.925786145824926,0,0,1,0,0,0,3.21174375503816
18,1,3,0.9630051841057491,14,0,0,0,0,0,2.00330797982373
18,1,2,0.2881030835144548,4,0,1,1,0,1,3.1274525275924
18,1,1,0.08754473582278934,5,1,1,0,0,0,
17,1,4,0.0664803625589483,14,0,0,0,0,0,1.56359191228061
16,1,1,0.18229463946888097,6,0,1,1,1,0,3.18323248938583
16,0,4,0.40864521957724365,12,0,0,0,0,0,
15,1,1,0.7561640995109874,15,0,1,1,0,1,
17,1,2,0.56105819954511,8,0,0,1,1,0,
16,1,3,0.6387939556775719,3,0,1,0,0,1,3.34462667508871
15,0,1,0.33439707776185923,3,0,0,0,1,1,
15,1,1,0.9464575209198849,3,1,1,1,0,0,4.0
18,0,1,0.6647064047239548,6,0,0,0,0,0,2.65763855669601
16,1,1,0.1234153472329642,23,0,0,0,0,0,0.974017416747298
16,1,1,0.09091583661400607,15,1,0,0,0,0,1.6109406825599
15,1,4,0.7151337835551196,12,1,0,0,0,0,2.38903264521219
17,1,4,0.42684980745218176,27,0,1,1,0,0,
16,1,1,0.9752723797585682,26,1,1,0,0,1,1.6676669904535
17,1,1,0.47648426011592887,14,0,1,1,0,0,2.22054850893933
18,1,3,0.6000642871677166,24,0,0,0,0,0,0.680087787496653
18,0,3,0.5329641536518187,14,0,0,0,0,0,1.56564784767087
15,0,1,0.09081461201364194,1,1,0,1,1,0,3.65983640531225
16,1,3,0.9524259064840976,1,0,0,0,0,0,
18,1,1,0.606498752039786,21,0,0,1,0,0,
15,0,4,0.30541780807404595,7,0,1,0,0,0,2.08668774099523
18,0,4,0.7806761186023137,26,0,0,0,0,0,
16,0,1,0.7370115278634378,13,1,1,0,0,0,2.8656747490202
15,1,4,0.2458355988803351,21,0,0,0,0,0,0.728794517080748
18,0,1,0.7212947672358181,26,1,1,0,0,1,
18,1,3,0.4026905862868075,17,0,0,1,0,0,1.72272605215927
17,1,1,0.5720708621348316,8,0,0,0,0,1,2.50774267420683
16,1,4,0.5671653042425336,22,0,1,0,0,0,
18,1,3,0.8398834819160911,24,0,1,0,0,0,1.29559490049588
18,0,4,0.8951453090344544,21,1,0,0,0,0,
17,1,2,0.5900986792979239,12,1,1,0,0,0,2.25402003724327
16,1,3,0.5214466682232499,17,1,0,0,0,0,1.93907653714778
17,0,3,0.3651396420040596,21,1,0,0,0,0,
16,1,2,0.890481240698314,2,0,0,0,0,0,3.30945358518381
15,0,2,0.7643973900509479,7,0,0,0,0,0,2.79521055349026
16,0,1,0.03154572149418832,15,1,1,0,0,0,1.99395245257517
16,1,4,0.27484777260228055,1,0,1,0,0,0,3.53500375818432
16,1,3,0.16969299894176534,12,1,0,1,0,0,2.52871125678992
18,0,3,0.2535577085392265,8,0,0,0,0,0,2.33755846211807
15,1,4,0.9973759373984681,1,0,0,0,0,0,
17,0,1,0.11910599481910082,11,1,0,0,0,0,2.21137952797335
15,0,2,0.09455417359436818,16,1,0,0,0,0,1.26389077193373
17,0,4,0.13623935717937166,0,1,1,0,1,0,3.56079167212821
16,1,3,0.9240006687386159,13,1,0,0,0,0,2.59194091914419
17,1,1,0.6924753176548915,21,1,0,1,0,0,1.48747693729906
18,1,3,0.964292862852564,18,0,0,0,0,0,1.53478238968079
15,1,1,0.3803115430248064,22,0,0,1,1,0,1.48511182810744
15,0,4,0.721921303075776,14,1,1,1,0,0,2.73970166725958
18,1,1,0.03896756899586852,2,0,1,0,0,0,3.13948154638039
18,1,1,0.42977230411406553,21,0,1,1,0,0,
15,0,2,0.8345253800435326,22,1,0,0,0,0,1.96053870912894
17,1,4,0.035280472523628155,24,1,1,0,0,0,0.972247738432064
15,1,1,0.8478118795273197,1,1,1,1,0,0,3.59748909376417
16,1,3,0.745123482763069,1,0,0,0,1,0,
17,1,1,0.09126214124450406,3,0,0,0,0,0,
15,0,2,0.2710444312467019,7,0,0,0,0,0,
16,1,1,0.3944632640712286,23,0,0,1,1,0,
15,1,4,0.432259564743131,6,1,0,0,0,1,
16,0,4,0.6494186653511447,25,0,1,1,1,0,1.65178667236737
18,1,1,0.030834426813476073,21,0,0,1,0,0,1.32024598722263
17,0,1,0.6809930898438437,22,0,0,1,0,0,
17,0,1,0.5933416391812348,11,0,0,0,0,0,2.14717162501851
18,1,1,0.05363725721781982,8,0,0,0,0,0,1.66363712440122
17,1,1,0.8296195054634297,2,1,1,0,0,0,3.35436811628943
16,1,3,0.8230297693950818,20,0,1,1,0,0,1.8342269970893
15,1,1,0.9879047366481883,27,0,1,1,0,0,1.39173179136259
16,0,1,0.2521677130943609,6,1,1,0,0,1,
18,1,1,0.9151382074175971,22,1,0,0,0,0,1.37118503889172
17,1,1,0.8954631198944107,1,0,0,0,0,0,3.02195486753329
16,0,1,0.669677880295619,4,0,0,0,0,0,2.60962308181745
15,1,1,0.5741370512746871,14,1,0,0,0,1,2.13483288607804
15,1,1,0.8636436546678814,14,0,0,0,1,0,
17,1,1,0.963692776005589,9,1,0,1,0,0,2.99954410391512
17,0,1,0.6479517676643677,9,0,1,0,1,1,2.59611126456224
18,1,1,0.5605991479761108,9,1,0,0,0,0,2.3967881171248
16,0,1,0.7112167339736151,2,1,0,1,0,0,3.5326403833693
15,0,1,0.024343962255137394,29,1,1,0,0,0,0.12593307462495
15,0,2,0.4575284563912306,5,1,0,0,0,0,2.81858182437894
17,1,4,0.9815942599798213,16,0,1,0,0,1,1.84565678378633
18,0,3,0.05138589589450999,20,0,0,1,0,0,0.906353743453148
16,1,1,0.6457836316888338,20,1,0,0,1,0,1.35114105198072
18,1,1,0.21419888893775454,3,0,0,1,1,0,
18,1,4,0.9812760215664516,26,1,0,0,0,0,1.50517277333145
18,1,1,0.2567686273771345,21,0,0,1,1,0,
17,1,3,0.3246796510023787,21,1,1,0,0,1,1.14669607979526
16,1,4,0.6341231337595701,26,0,1,1,0,0,0.897634158616404
15,1,1,0.9353094545212777,27,1,0,0,0,0,1.13933706349631
15,0,1,0.3737832538735372,4,0,1,0,0,0,2.55372315127219
17,1,4,0.12678558843033808,12,0,0,1,0,0,1.97802171843814
18,0,4,0.07208959957296975,6,0,1,1,0,0,2.62993323382393
18,1,1,0.43342983128758494,0,0,1,0,0,0,
16,0,2,0.6185178994074454,6,1,1,1,0,0,3.52093145282294
17,0,4,0.1395954652636083,1,1,0,1,0,0,3.33509815464201
17,1,1,0.9436526353103735,28,0,0,1,1,1,0.503066907327915
16,0,4,0.9917850325081919,3,0,0,0,0,0,3.40235253864445
15,0,1,0.44122716602995204,29,0,0,0,0,0,0.0211555827545139
18,1,4,0.413174990860168,7,0,0,0,0,1,2.23165697177502
18,0,1,0.8135268240763927,3,0,0,0,0,1,2.86857422822081
18,0,2,0.5031424407546375,29,0,0,1,1,0,0.820105530138668
16,0,1,0.698071993255283,20,0,0,0,0,0,1.19192904555221
18,1,1,0.5430604442486059,5,0,0,0,0,0,2.58350063639477
18,0,1,0.5762406095437315,19,1,0,0,0,0,1.2014445824557
17,0,2,0.9212938375983105,10,0,0,0,0,0,
16,1,1,0.2472942490129163,18,1,0,0,0,0,1.6692302172984
16,0,1,0.3634507915079671,22,0,0,0,0,0,0.766257446988899
18,1,1,0.5846144411660369,1,1,0,0,0,0,3.45446245993531
16,0,1,0.8652151666032266,23,1,0,0,0,0,
17,1,1,0.2095326198508902,17,0,0,0,1,0,1.48259597306949
15,0,1,0.9561295409695165,12,0,1,0,0,1,
18,1,1,0.0687245606267544,22,0,0,0,0,1,
16,1,1,0.13019700999782438,17,0,1,0,0,1,1.90798391354792
17,0,4,0.5017117015506642,24,1,0,0,0,0,1.00077555692173
15,0,4,0.5690444916075553,26,0,1,1,1,0,
17,0,4,0.9448977538067546,27,1,1,0,0,0,1.48686565156888
18,1,3,0.44321208104234233,23,1,0,0,0,0,0.816458245213799
15,0,4,0.7759935660542217,21,0,0,0,1,0,1.13078535925815
15,1,1,0.11220362888307903,13,1,1,1,1,0,
16,1,1,0.011400909597745574,26,0,0,0,1,0,0.336571298608156
17,1,2,0.15365204677793862,2,0,1,0,0,0,3.33497182798592
17,0,1,0.2193532446321983,26,1,1,1,0,0,0.991883698047661
16,1,1,0.18579845008756615,5,0,0,0,0,0,2.35857186604042
18,1,1,0.03803764366034158,24,0,0,0,1,0,
18,0,1,0.7154027372792714,6,0,1,0,1,0,3.03811612920999
18,0,1,0.8070879095115717,22,0,1,0,1,0,1.05862201444399
16,1,1,0.2726962278847996,27,0,0,0,0,0,0.307594059728319
16,1,1,0.07802745526239165,4,1,1,1,0,0,3.9794209177544
15,1,1,0.2977588272288671,2,0,0,0,0,0,
16,0,3,0.2651584701120861,25,0,1,1,0,1,1.18673782849849
17,0,4,0.32574687392578405,29,0,0,0,0,1,
18,1,2,0.1451719512018756,19,0,0,0,0,0,1.1126712011913
17,1,1,0.634390038592587,8,0,1,0,1,0,2.85043529243108
15,1,2,0.9440777328042498,3,0,1,0,0,0,2.7124204664132
15,0,3,0.5777630075854521,29,0,0,0,0,0,0.304372034253284
16,0,3,0.8115087941605801,0,1,1,0,0,0,
18,1,2,0.17008792395313574,14,0,0,0,0,0,1.49966667520128
17,1,3,0.7089502239658764,21,1,0,1,0,0,
17,1,1,0.8591891020789014,1,0,0,0,1,1,
18,0,1,0.39311205397041216,8,0,0,0,0,0,2.19749114573921
18,1,1,0.9776127648808924,23,0,0,0,1,1,1.32142930249244
17,0,4,0.26868768152519157,8,0,0,0,0,0,2.29168615227223
17,0,3,0.9795316561463643,19,1,0,0,0,0,
16,1,2,0.5327714811794504,6,0,1,1,0,0,3.12526966249642
15,0,3,0.5789747917728743,19,0,0,0,0,0,1.49486955941962
15,1,1,0.10590022120041327,14,1,0,1,0,0,1.87146590144271
18,0,1,0.40933630455017006,8,1,1,0,0,0,2.2008963215286
17,1,1,0.9318924926364306,29,0,0,1,0,1,0.534835753539473
17,1,1,0.05750052185880637,5,0,0,0,0,1,1.90451590175195
17,1,3,0.40204776098142364,25,1,1,0,1,0,
15,1,1,0.772451292288596,19,0,1,0,1,1,
17,0,4,0.9520902615170187,12,0,1,1,0,0,2.47869918282905
15,1,3,0.6038080465131663,1,1,0,1,1,1,
16,0,3,0.5662773439455479,12,1,0,0,0,1,
18,1,3,0.5575208804844267,22,0,0,0,0,0,1.01125319461675
17,1,1,0.4578216947943975,16,0,1,0,0,1,
18,1,1,0.07231646304164194,2,0,1,0,0,0,2.72382806040106
17,0,4,0.16529621926059837,26,1,1,1,0,0,0.84069094147179
17,0,4,0.5025292004074182,21,0,1,0,0,0,1.52007781487481
18,1,1,0.6868348771063659,7,0,0,1,0,0,
15,0,1,0.4713168064201588,25,0,1,0,0,1,0.818786616073051
15,1,1,0.2107224167801425,6,0,1,0,0,0,2.30203204434141
18,1,1,0.3394741513376923,8,1,0,0,1,0,2.90260251268379
15,1,1,0.40531191352113466,10,0,1,0,0,0,1.95616912596333
18,0,4,0.5859536112228682,7,0,0,0,0,1,2.63990648770734
18,1,1,0.022690478565179497,14,0,1,1,0,0,
15,0,1,0.49845473142880037,10,0,0,1,0,1,1.83474944819227
17,1,4,0.06613477680172282,7,0,1,0,0,0,2.7387957163436
16,0,4,0.07809131876405963,10,0,0,0,0,0,2.1571223032651
15,0,3,0.09484281098387681,7,0,0,0,0,0,2.03956439804496
16,1,1,0.4703753800750251,13,0,1,0,0,1,
15,1,1,0.3465507847824005,24,0,0,1,0,1,
18,1,3,0.08734599110942332,8,1,1,1,0,0,
15,1,3,0.990910279653242,17,1,0,0,0,0,2.2379013009826
18,1,1,0.9499047174235932,2,0,0,0,0,0,3.08959895307465
18,0,1,0.763142435688036,22,0,1,0,1,0,
16,1,1,0.06532859178993224,24,0,1,0,0,0,0.768316385983668
15,0,3,0.8862803126756347,14,0,1,1,0,1,2.66889332908893
18,0,1,0.008868540871636724,26,0,0,0,0,0,0.576402719783198
15,0,2,0.09424752109381666,2,0,0,1,0,0,
16,0,2,0.8341439144818974,18,0,0,0,0,0,1.6250827736962
16,1,1,0.3163297749643433,8,1,0,0,0,0,
15,0,1,0.39409806200088515,19,0,0,0,0,0,1.53798977920327
15,1,1,0.1880293789322261,13,0,0,0,0,0,1.81115548092917
18,1,3,0.15039177640124532,23,1,1,1,0,0,1.05787612679207
16,1,4,0.8025397919017208,23,1,1,1,0,1,1.76764678458068
17,1,4,0.9022930061963921,12,0,0,0,0,0,
16,0,3,0.6632838235433826,10,1,0,0,0,0,
15,1,4,0.11777035266794683,2,0,0,0,0,0,2.68385473868496
18,0,3,0.05313828865548146,27,0,0,1,1,0,
18,0,1,0.21475887025639304,6,0,0,0,0,0,
15,1,4,0.1368360683673424,20,0,0,0,0,0,0.827082916386582
15,1,2,0.3815008279527458,15,0,1,0,1,0,
17,1,1,0.5020341128976715,14,0,1,0,0,0,
16,1,1,0.7740051625986727,3,0,0,1,1,0,3.36009770960644
15,0,1,0.26281221553991346,7,0,0,0,0,0,2.49945942963503
17,0,3,0.42482876674539183,0,0,0,0,0,0,3.09376092529088
18,0,1,0.40997125345173135,0,0,1,0,0,0,3.08418361448639
16,1,1,0.10357828172700735,17,0,0,0,0,0,
16,0,1,0.06404450715270787,21,0,0,0,0,0,0.915712179593851
18,0,1,0.7493211503990115,20,0,1,1,1,0,1.89130042993889
15,0,3,0.36393060060937943,12,1,0,0,0,0,1.44613252770197
15,1,1,0.15255873411769885,23,0,1,1,0,0,1.18598551447824
17,0,3,0.42633588827755786,6,1,1,0,0,0,3.21933334807461
18,1,3,0.08567851420464716,2,0,0,1,0,0,2.58687065626343
17,0,1,0.8345223510522806,10,0,0,0,0,0,2.62167010401269
18,0,1,0.23054985353004095,26,0,1,0,0,0,0.476597740491808
18,0,4,0.9424305485527775,16,0,1,1,0,0,2.3460257413683
16,1,1,0.34332234647849447,25,0,0,1,0,0,0.701263712840255
18,1,1,0.5195647195018613,20,0,0,1,1,1,1.41979898481711
15,1,1,0.4568290429655315,26,0,1,0,1,0,0.513962988691782
16,0,1,0.09547764738224584,11,1,0,1,0,0,2.02323408159301
17,1,1,0.49665747028060553,4,0,0,0,0,0,
15,0,3,0.49640095645168686,3,0,1,0,0,0,3.30866401978977
15,0,3,0.2680027673795903,23,0,1,1,0,0,
17,1,1,0.6928343910788701,11,1,1,0,0,0,
16,1,2,0.5180854351797101,15,0,1,1,0,1,2.19241453410119
17,0,3,0.7021300225344721,7,0,0,0,0,0,2.21028920334534
15,1,3,0.6270851016991307,15,0,1,1,0,0,2.28479144712127
17,0,1,0.10917055062834184,5,1,0,1,0,0,2.84403921492559
15,1,1,0.8474705766727992,9,0,0,1,0,0,2.62608282875365
15,0,2,0.8776287816403064,13,0,0,0,1,0,2.48159543377951
16,0,4,0.3461124362380135,22,0,1,0,0,0,1.33195894876428
18,0,4,0.02403704989748068,13,0,1,0,0,0,
18,1,1,0.6689426223195668,16,0,0,0,0,0,1.65561332252205
18,1,1,0.5044862920662148,7,0,1,0,0,0,
16,0,2,0.10717180783899467,19,0,0,0,0,1,1.06741084987726
18,1,3,0.39043770946236883,7,0,0,0,1,0,
17,1,4,0.23364157296410545,25,0,1,0,1,0,
16,0,1,0.8426238838689055,17,1,0,0,1,0,2.12758929674697
15,1,4,0.6073133500598188,25,0,0,0,1,0,0.744692833375679
16,0,1,0.4049198472968211,27,0,0,1,0,0,0.817068220656347
17,1,2,0.39146592404668873,20,0,0,0,0,0,1.61557166025287
17,1,3,0.7540779572098752,3,0,0,0,0,0,2.62681923768859
18,1,3,0.4855522846462826,11,0,1,0,0,1,2.50641541446067
16,1,2,0.06752857933056527,3,1,0,0,1,1,
18,0,1,0.1195952581045809,23,0,0,1,0,0,
16,1,4,0.9814564769325559,15,0,1,0,0,0,
18,1,1,0.3693476111912641,15,0,0,0,0,0,1.50515562203629
18,0,3,0.9821917197229508,2,1,1,0,0,0,
18,0,3,0.2460855219263748,7,1,1,1,0,0,2.43207852278224
18,1,3,0.23713845482640036,6,0,0,0,1,0,2.15337120645785
17,0,3,0.45375881165892185,24,0,0,0,1,0,
18,1,1,0.08960164759459256,11,1,0,0,0,1,
17,1,3,0.19038898122231132,23,0,0,0,0,0,1.1588463344506
15,1,1,0.19907499903417453,20,0,1,0,0,0,1.51995529207558
16,1,1,0.8539557061876325,21,1,0,0,0,0,1.70879877085837
18,0,1,0.3057804554272298,10,0,0,0,0,0,
15,1,2,0.08363782335313123,23,0,1,0,0,0,0.974968344925579
16,0,4,0.07954510358081174,5,0,1,1,1,0,
15,1,1,0.038035332515832264,29,0,0,0,0,0,
16,1,3,0.1646585398321226,20,0,1,0,0,0,0.809260143410981
16,0,1,0.6846538285921161,14,0,1,0,0,0,1.69982530906828
16,1,4,0.29662659339334674,16,0,0,1,0,1,1.16969051378729
18,0,1,0.5569377594714594,12,0,0,1,0,0,
17,1,1,0.9348630952553295,21,0,0,1,1,0,
15,1,2,0.40505433080618825,29,1,0,0,0,0,
16,0,2,0.2607812663127396,1,1,0,0,0,0,2.88838593578936
15,1,1,0.6597603903671565,25,0,0,0,0,0,
16,1,1,0.9384060448533478,12,1,0,1,0,0,
17,0,3,0.1268833002290551,14,1,0,1,1,0,2.57444997024333
16,1,4,0.7756118271869166,7,0,0,0,0,0,2.46294311824079
16,1,1,0.6525705428911561,4,0,0,0,0,1,3.36921860482088
15,1,2,0.9520778312524905,17,0,1,0,0,0,2.16155873707839
16,1,3,0.5343821119404764,18,0,1,0,1,0,1.83079324539005
15,1,1,0.43997752836609705,14,0,0,0,0,0,2.07376979031716
17,0,1,0.19185156597325953,16,0,1,0,1,0,1.68952815841894
17,0,1,0.7225410912398631,26,1,0,0,0,0,0.989468441318707
17,0,1,0.04765055127969209,12,0,1,0,1,0,2.23323946630898
18,1,4,0.9053443837931707,18,1,1,1,0,0,2.13173729718723
16,1,1,0.11243033224655077,8,0,0,0,1,0,2.14520472046719
18,0,3,0.005379770882250354,21,1,1,0,0,0,1.00336530597423
17,0,3,0.7518776380361939,11,0,0,1,0,1,
15,1,1,0.22118407915160287,25,0,0,1,0,0,0.280670307881415
18,0,1,0.4428692151031946,25,0,0,1,0,0,0.802769539234207
16,0,1,0.2299722431925664,24,1,0,1,1,1,1.27834703366972
17,1,2,0.8728788833029575,17,0,0,0,0,0,
18,0,4,0.4911847299553241,1,0,1,0,0,0,3.4861413290978
16,0,4,0.4184262866973186,8,1,1,0,1,0,
15,0,3,0.037492839976437126,8,0,1,0,0,1,
15,1,4,0.7723527692559944,22,1,1,0,0,0,1.36014271231646
16,0,3,0.6437065854439987,5,0,1,1,0,0,3.43268470835472
15,1,4,0.710185547382532,14,1,0,1,0,0,2.37006742223053
15,0,4,0.5520089956276713,23,0,1,0,0,0,
15,0,1,0.02221102389201669,3,0,1,0,0,0,2.98580981437681
17,0,1,0.3024741490840019,15,0,0,0,0,0,
15,0,3,0.018516001976649734,23,0,0,0,0,1,
16,0,2,0.1403754526971656,18,0,1,0,0,1,0.842295999257139
17,1,1,0.6134977163742881,4,0,0,0,0,0,2.83376007184481
15,0,3,0.8611583068037902,25,0,1,0,0,0,1.1187524053837
17,0,4,0.4858161267051184,23,1,0,0,0,0,
17,0,4,0.4242467813348685,14,1,0,0,0,0,1.9200558526589
18,0,1,0.1307887103056265,18,1,0,1,0,0,
17,0,1,0.48345027403453356,16,0,1,1,0,0,1.81162238095155
18,1,3,0.4162087404168502,1,0,1,0,1,1,3.24051207396869
18,1,4,0.8964737811254558,14,0,0,0,0,1,2.16864159345454
16,1,1,0.06938172104597694,3,1,1,0,0,0,
16,0,1,0.7103194034681707,10,0,1,1,1,0,3.13849887300077
15,0,1,0.4322982328440794,18,0,1,0,0,0,1.48920731876266
18,0,4,0.13883329419851095,13,0,1,1,0,1,
17,1,4,0.5064105284520224,12,0,0,0,0,0,1.88090928976548
17,0,4,0.2774062226688342,9,1,0,1,0,0,
18,1,1,0.17566156618545992,17,0,0,1,0,1,1.38954487446497
18,0,1,0.3547249132911132,19,0,1,0,1,0,
17,1,2,0.7719416615090854,9,0,1,0,0,0,
16,0,1,0.4520406594763638,16,0,0,0,1,0,1.81384662228395
15,1,2,0.8420510501143498,24,0,0,1,1,1,
18,1,2,0.3274681275770956,23,1,1,0,0,0,
16,0,3,0.5188442441083316,12,0,0,0,1,0,1.47167202947976
15,1,3,0.5595474043063774,2,0,0,1,0,0,3.2353025807091
17,1,3,0.6907875007692281,6,0,0,1,1,0,2.93469210242215
17,0,3,0.8625387774890981,13,0,1,1,0,0,2.55522310507067
15,0,1,0.9228837882796909,19,0,0,1,1,0,1.84359708260836
17,1,4,0.20371927659364852,17,0,1,0,0,0,1.85907157309747
17,1,4,0.6139846968150843,10,0,1,0,1,0,1.89275869592659
18,0,1,0.22747064711848786,15,0,1,0,0,0,1.58092662695241
16,0,1,0.4854184747998961,1,1,0,0,0,0,3.55228694335094
16,0,1,0.06697171479001442,17,1,1,1,0,0,
15,1,1,0.8737916494884802,10,0,0,0,0,1,2.44076989992714
15,0,1,0.3379785330019004,4,1,0,0,1,1,2.8644980668526
18,1,3,0.6085663748576885,21,0,0,0,0,1,1.5475367003506
18,1,1,0.2842655391207407,11,1,1,0,0,0,2.31023517936631
17,0,4,0.7022825352617765,11,0,0,0,0,0,1.72579152974271
17,1,1,0.19647018026020419,5,0,0,0,0,0,2.49787730363576
15,1,4,0.49629829057114305,10,0,0,0,0,0,2.01594946506245
17,0,2,0.2687101898109026,17,0,1,0,0,0,1.52191590118759
15,1,1,0.9935820258941064,10,1,0,1,1,1,3.10399438010537
16,0,4,0.4109170204495178,21,0,1,0,1,0,1.35372307428634
15,1,1,0.6638192763377703,15,0,0,0,0,0,
16,1,1,0.6129709875565145,19,0,0,1,0,0,1.66269219855198
18,0,4,0.5455605210148358,4,1,0,0,0,0,3.22080697819487
16,1,2,0.939162905142098,12,1,0,0,0,0,2.80875482202865
18,1,1,0.4307679381163331,14,0,1,0,0,0,
18,0,1,0.43143589568432,18,0,1,0,0,0,
16,1,1,0.21375845197831814,13,0,0,0,0,0,1.67371140448533
17,1,1,0.9489055813426193,22,0,0,0,1,0,1.57154419139928
18,0,4,0.9322775187382845,14,0,0,0,1,0,2.2403343764633
18,1,2,0.28467415882948865,21,1,0,0,1,0,1.32996453787688
16,0,1,0.019247103682762574,17,0,0,0,0,0,0.822107889122904
16,1,2,0.8648882059648015,22,0,1,0,0,0,
18,1,1,0.9443813352643685,8,1,0,0,1,0,2.95396192172268
16,0,1,0.9139926628023889,18,1,1,0,0,0,1.88657859282285
18,0,1,0.4187908301147722,16,0,1,0,1,0,1.78505180791957
17,1,4,0.8766978294430863,9,1,1,1,0,0,3.27399874843434
15,0,2,0.3629003237463131,18,0,1,0,1,1,1.18298750049805
17,1,3,0.250052618941368,26,1,0,0,0,0,
15,1,3,0.16155608089822412,13,0,0,1,0,0,1.68790049233408
15,0,3,0.7904544555950068,4,1,0,1,0,0,3.58242187231196
17,0,2,0.050205348966653386,6,0,0,1,0,0,2.07469997678133
16,1,1,0.5495284483054116,1,0,0,0,0,0,
15,0,4,0.26262714342627635,1,0,1,0,0,0,3.40633908227271
16,0,4,0.9237355142282456,11,0,0,1,0,0,
15,0,1,0.31691039284382566,8,1,1,0,0,0,2.68614499013959
18,1,3,0.3989477203193323,8,0,0,0,1,0,2.29681452058455
15,0,3,0.7844419868040848,19,1,0,1,0,0,
18,0,1,0.3681747372688156,22,1,0,0,0,0,1.44605235150111
15,0,1,0.3966612307084317,13,0,0,1,0,0,
15,0,1,0.4697061158333833,25,0,0,1,0,0,1.19416613376448
16,1,1,0.5969632978259833,9,0,1,0,0,0,2.70665962028669
17,0,3,0.15714531752860916,23,0,0,1,0,1,
17,0,1,0.23069394173210603,23,0,0,0,1,0,
16,0,4,0.7955581328744284,6,1,0,0,1,1,2.88313626573597
18,0,3,0.5420071809715237,0,0,0,1,1,0,
16,0,4,0.06421630462724513,9,1,0,0,0,0,
18,0,1,0.02307711117842991,5,0,0,1,0,0,2.55523285993809
16,1,1,0.43774697898368853,9,0,0,0,0,0,
18,0,3,0.21102303873746084,5,0,0,0,0,0,2.12304312697031
15,1,3,0.04899514396234634,28,1,1,0,1,0,0.568468083793329
15,1,4,0.8292839811939344,12,0,0,0,0,0,2.20002026729647
17,1,4,0.3675000344364721,9,0,0,0,0,1,
16,0,4,0.7594872478334744,27,0,1,1,0,0,0.942415395359523
18,1,3,0.31340113811795206,5,1,1,0,0,0,2.90524211230726
15,1,1,0.8546867342851786,14,0,1,0,1,0,2.20068294656056
16,0,1,0.42579816465133047,24,0,1,0,0,0,0.643145932750361
17,1,1,0.01867885517453974,8,0,0,0,0,1,1.63381156169705
18,0,4,0.6160332895177073,9,0,0,0,0,0,2.84151900176763
17,1,1,0.0033247007311619156,28,0,0,0,0,0,0.0264686610642805
18,0,3,0.5329582424139898,3,1,1,1,0,0,3.49132658833781
15,1,1,0.2807900872974706,11,0,1,0,0,0,2.19119679504304
16,1,2,0.2354720124210198,16,1,0,0,0,0,1.69934810635484
17,1,1,0.5057640439131447,26,0,0,1,0,0,0.427568506597359
17,1,1,0.20803499250504587,29,0,0,0,1,0,
15,0,1,0.35964966435379186,17,0,0,1,0,0,
18,1,1,0.3635074371406487,6,0,0,0,0,0,2.07110806488456
15,0,1,0.5008955408285066,17,0,0,0,0,0,1.37516413694781
18,1,4,0.44717271837065875,2,0,0,1,0,0,2.51174302060542
17,0,3,0.3043564305740672,15,0,1,0,0,0,1.89934025014664
18,1,4,0.6456337375771903,28,0,0,0,0,0,0.580788485177057
15,0,3,0.7343806661430772,27,1,1,0,0,0,1.20726854613458
17,0,1,0.6511849782385633,3,0,1,0,0,0,2.75902176495494
16,1,3,0.4933568012968996,16,0,0,0,0,0,1.81951133571391
18,0,1,0.3975726594453949,27,1,0,0,0,0,0.582920886468958
16,1,1,0.013264569772053692,28,0,1,1,0,0,0.481298480465251
17,1,1,0.36803578909308154,2,0,0,0,1,0,
15,0,1,0.5712911943223167,14,0,0,0,0,0,1.52774806622584
18,0,1,0.6105156618437328,0,0,0,0,0,0,2.7734838787502
17,0,1,0.3795108691624597,4,1,0,1,0,0,3.27914972702503
16,1,1,0.3209461939488899,4,0,1,1,0,0,2.70847234385688
16,1,2,0.2726054834002757,23,0,1,0,0,0,0.551139652738985
16,0,2,0.7958373531221405,21,0,1,1,0,0,0.94940609779728
15,1,1,0.7266056079599068,7,0,0,1,0,1,
16,1,4,0.19397654591139213,9,1,0,0,0,0,2.18571084031021
17,0,1,0.5140509333565249,17,1,1,0,0,0,2.17573929267197
15,1,4,0.44963707955755866,16,0,0,0,0,0,1.48906702052984
17,0,4,0.8028308999470386,3,1,1,0,0,1,3.5169407207159
15,1,3,0.17126215259984434,4,0,1,0,0,0,2.88379971463006
16,0,1,0.129561285487109,22,0,0,0,0,0,0.741103055009212
17,1,1,0.9932515424302646,7,1,0,0,1,0,2.92919559166768
15,1,2,0.13810403156877962,13,0,1,0,0,0,1.46796831625437
16,1,3,0.4228816828739011,20,1,1,0,0,0,
16,0,1,0.5885593911486927,20,0,0,0,0,0,1.04386586714275
15,0,1,0.09467016240115443,2,0,1,0,0,0,2.89147846999948
15,1,4,0.7214002649387949,7,0,1,1,0,0,2.53243841758767
15,1,3,0.20353704492256797,22,0,0,0,0,0,0.909763533141097
16,0,4,0.6624346060628474,25,0,1,0,0,0,0.94304591977056
18,1,1,0.7914256280822838,26,0,1,0,0,0,0.882552454000117
15,0,1,0.1143577881841418,19,1,0,0,0,0,1.50124009193004
17,0,4,0.7398416006886618,26,0,1,0,1,0,1.12413718648974
17,0,2,0.09741011875196828,15,0,0,1,0,0,
15,0,4,0.8015499619164972,29,1,0,1,1,0,0.681956138907534
15,1,1,0.6257814677444365,8,1,1,0,0,0,2.74236112310161
18,1,1,0.8279657332762966,12,0,0,0,0,0,2.50949123030732
17,1,1,0.5655375586011673,27,0,0,1,0,0,0.622706295394981
16,0,1,0.5937590307366182,15,1,1,0,0,0,2.64419736836015
16,0,1,0.909837764763271,15,0,0,1,0,0,2.10396651034335
18,0,1,0.6727099004407907,27,0,0,1,0,0,
15,0,1,0.7365778142543967,19,1,1,0,0,0,
16,0,1,0.19175164198193964,7,0,0,1,1,0,
17,0,3,0.24469931054344127,12,0,1,1,0,0,1.77727984914608
16,1,4,0.5710418036533557,29,0,1,0,0,0,0.648273926708192
17,0,3,0.12275272698214251,3,0,0,0,1,0,
18,1,1,0.6640613327397683,15,0,1,0,0,0,2.02403037554931
17,0,3,0.3166008311865056,0,1,0,0,0,1,3.04760208881881
15,0,3,0.512637025363183,21,0,1,0,0,1,1.2335870210314
17,0,3,0.09554185714283987,18,0,0,1,0,1,
15,0,1,0.7765457720037816,7,1,0,1,0,0,3.15930293845627
15,0,4,0.6628126069475729,11,0,0,1,0,0,
17,0,4,0.24802206638393823,13,0,1,0,0,0,1.94610069833365
15,1,3,0.5250746123914041,13,1,0,1,0,1,
16,1,2,0.3152309862708726,0,0,1,0,1,0,
17,1,1,0.6415792064854372,27,0,1,0,1,0,0.613316331564976
18,1,1,0.2499952457219966,3,0,0,0,0,0,
17,1,1,0.5327402708525497,9,0,1,0,0,0,
18,1,1,0.8180965266842931,19,0,0,0,0,0,0.651340702424779
18,1,2,0.7049311051977054,11,0,0,0,0,1,2.32824038463015
16,1,1,0.12598372912183792,10,0,1,0,0,0,
18,1,1,0.8590652198799313,29,0,1,0,1,0,0.841175753995068
16,0,2,0.9272231949285524,11,0,0,0,0,0,2.56961418130556
17,0,1,0.45075628669919243,1,1,0,1,1,0,3.77289660847887
17,0,3,0.6744508646522,9,1,1,0,0,0,
17,1,4,0.20684518419899794,18,0,1,0,0,0,
18,1,1,0.46119674202383276,25,1,1,0,0,0,
17,1,1,0.3135888656033106,12,1,0,0,0,1,2.26214769600848
16,1,1,0.9236508893159517,0,0,1,0,0,0,
16,0,3,0.6514951416368691,13,0,0,0,0,0,1.85242869081694
18,0,1,0.10446596488809426,23,0,0,0,0,0,0.870330411031819
17,0,4,0.46061323958361006,10,0,1,0,0,1,2.40328454702353
17,1,3,0.4811994083362645,10,0,0,0,0,0,
15,1,1,0.7176515653208989,3,0,0,1,1,0,3.45771172597529
15,1,3,0.8954713029477088,16,0,1,0,0,1,1.84886644019124
15,0,1,0.526000582060243,20,0,0,0,0,0,1.18256505447829
18,0,1,0.3604543815665677,1,0,0,1,0,0,3.38499208876067
16,0,3,0.3278139231201746,16,0,1,1,0,0,1.83624213679715
17,1,1,0.6840226080451958,24,0,0,0,0,0,
15,1,1,0.8174451026316764,21,1,0,1,0,0,1.36103128787472
15,0,4,0.8648024835314759,5,0,0,0,0,0,
17,1,1,0.033841060810317874,6,0,1,0,0,0,2.67638970934402
16,0,1,0.3268676610537287,17,0,1,1,0,0,1.51351675587974
17,0,1,0.38963645378908507,1,0,0,1,0,1,3.02139888051972
15,0,4,0.49962403941097183,28,0,0,1,0,0,
17,1,1,0.9695910498347147,14,1,0,0,0,0,
16,1,1,0.6824104528049332,18,1,1,0,0,0,1.78576079108766
15,0,4,0.9662023150076852,14,0,1,1,0,0,
18,0,3,0.244883273797191,4,0,0,0,0,0,2.25807103519805
17,1,2,0.5664675439252489,23,1,0,0,0,0,
17,1,1,0.45147902710101645,22,0,0,0,0,1,1.03665683436473
15,0,1,0.7972457752337204,27,0,0,1,0,0,1.08449012582262
16,0,4,0.9556225264882227,25,0,0,0,1,0,1.31672462334418
16,0,4,0.22688486068165517,4,0,0,0,0,0,2.75216393103651
16,1,2,0.25230049134563265,25,1,1,0,0,0,
16,1,1,0.8934420994830496,24,0,0,1,0,0,
18,1,3,0.011009927133132166,5,0,0,0,0,0,2.54300909543507
18,1,2,0.5284170947541162,3,1,0,0,0,0,
16,0,3,0.22592727497308435,5,0,1,0,0,0,
17,1,1,0.37398936726952586,10,1,0,1,0,0,2.26745813170552
16,0,1,0.697200565418445,20,0,0,0,0,0,
18,0,1,0.05825040992991464,26,0,1,1,0,0,
16,0,1,0.8308876765868007,8,0,0,0,0,0,2.2238136667517
18,1,2,0.46520918286399143,15,0,1,0,0,1,1.8999595995373
15,0,1,0.24996092137017545,27,0,1,0,0,0,
18,1,4,0.28028763117740396,19,0,0,0,0,0,1.01621504223863
18,1,4,0.5007881072449659,3,0,0,1,0,0,3.20385819079693
16,0,4,0.37427835678918137,0,0,0,0,0,0,3.16090209115593
18,1,1,0.03826579605526665,19,0,0,0,0,1,1.42459565287153
17,1,1,0.41332816350131607,25,1,0,1,1,1,1.3643737821172
16,0,1,0.6360149516721377,16,1,0,0,0,1,1.93493578406269
16,0,4,0.7618664962802377,6,1,1,1,0,0,
18,1,4,0.3039241717138408,15,0,1,0,1,0,2.13083277964081
15,0,2,0.5151898078231155,4,0,1,1,0,1,
15,1,1,0.41388384103609843,29,1,0,0,1,0,0.730779602362944
17,1,3,0.4328519973425701,20,0,0,1,0,0,
16,0,1,0.232331909993437,11,0,1,0,0,0,2.05577225590366
17,1,1,0.2870337467857039,8,0,1,1,0,0,2.70123050828509
15,0,4,0.6650411830307226,1,1,0,0,0,0,3.3788457271666
16,1,4,0.5972557851832265,0,0,0,0,0,0,2.7366048752761
15,1,1,0.04443789070475314,28,0,1,0,0,0,0.147068869997731
18,1,3,0.7254574269147496,20,0,0,0,0,1,1.58005052383606
16,0,1,0.1532667991810584,29,0,1,0,0,0,
16,0,1,0.5173590322323908,22,0,0,1,0,0,
17,0,4,0.9162991625838854,20,1,0,0,1,0,1.96612344265302
16,1,3,0.7151678564973714,13,1,0,0,0,0,
17,1,1,0.8283970875228135,8,1,1,0,0,0,2.92682044026314
15,0,4,0.744405523317802,4,0,0,0,0,1,2.93800282977301
17,0,1,0.402188584424494,23,0,1,0,0,0,0.68350530138605
17,0,1,0.11670833526085302,0,1,0,0,0,0,
18,0,1,0.1123250275995656,21,0,0,0,0,0,0.516631513984203
18,1,3,0.3088427088347107,19,0,0,0,1,0,1.15096613144417
16,1,4,0.9575143417846546,21,0,1,0,0,0,
17,1,1,0.0077219447059783545,29,0,0,0,0,0,0.0
15,1,3,0.3505650541620003,4,0,0,0,0,0,2.91813912755296
15,1,1,0.2572263479085065,19,0,0,0,1,0,
18,1,2,0.5530316435804324,25,0,0,1,0,0,0.994325023551287
17,0,1,0.4683854670807063,12,1,1,0,0,0,2.30345334926998
18,0,3,0.6556726424160163,4,0,0,0,0,0,2.47371717807815
17,0,4,0.26471979514009025,20,1,1,0,1,0,1.65309976209707
16,1,4,0.494589567290199,7,0,0,1,0,0,2.27133280330209
17,1,1,0.3099776219335377,7,0,1,0,0,0,2.67094755432435
18,1,1,0.3933281326403104,19,0,0,1,1,0,1.75040467950822
15,0,1,0.5445547644366493,29,0,1,0,0,0,0.286571288286622
15,1,1,0.03087315473359379,2,0,1,0,0,0,2.42654670603925
16,1,1,0.8682589207166391,12,0,1,0,1,0,2.62217900177468
15,1,3,0.7715381277915131,20,1,0,0,0,0,2.03221951171853
16,1,4,0.8023588786624807,4,1,1,1,0,0,
17,1,1,0.10428528994173436,13,0,0,0,0,0,1.78752232901565
16,0,1,0.6411189853298889,6,0,0,0,0,1,
17,1,4,0.13166957606366678,21,0,1,1,0,0,
16,0,1,0.5038153738317428,28,0,1,0,0,0,
16,1,3,0.6068151406068313,16,0,1,0,1,0,2.13739326496604
17,1,4,0.9390083210456202,0,1,1,0,0,0,3.94709296422018
18,1,3,0.5939306183048528,9,0,1,0,0,0,2.66997903530476
18,1,1,0.7296585629904184,6,0,1,0,1,0,3.10713559357261
17,0,1,0.11320974192275782,2,0,0,0,0,0,2.9984840618831
18,1,1,0.1912663794144187,13,0,0,0,0,0,1.57844166545805
15,0,3,0.17046642174539564,5,0,0,0,0,0,2.61565376488606
18,1,1,0.43605113044578975,2,0,0,0,0,0,2.615900723687
17,1,4,0.5691978463764484,8,1,0,0,0,1,2.28221274517396
18,1,1,0.08829562390533233,20,1,0,1,0,1,1.55610607122938
18,1,3,0.14734325056833752,2,1,0,1,0,1,3.14390987812102
15,0,4,0.6228613939369583,13,1,0,1,0,0,
17,1,3,0.9008354741177385,9,1,1,1,0,0,3.51161386273124
15,1,1,0.8478317482154837,26,1,1,1,0,0,1.41997709860383
18,1,1,0.015271994567206765,19,0,0,0,0,0,
17,0,1,0.47619650364607735,25,0,1,0,0,0,
17,1,3,0.5614046927344281,5,0,0,0,1,0,2.8459257757426
17,1,1,0.707642328975961,14,1,0,0,0,0,2.33922451275359
18,1,1,0.19694209259877835,25,0,0,0,1,0,0.490630062174908
15,1,3,0.8265436711790655,25,0,1,0,1,1,0.963340431011369
15,1,4,0.1473441605302999,3,1,1,1,0,0,3.01890585842797
18,0,4,0.17603635048161548,22,0,0,0,0,0,0.935779340884796
18,0,1,0.4005469359835382,14,0,0,0,0,0,2.06975820586126
18,0,2,0.19146723538312754,26,0,0,0,0,1,0.194743280745515
18,1,1,0.6948377926026953,15,1,1,1,0,0,2.53747682781436
16,0,4,0.17061375942815515,10,0,1,0,0,0,2.29763991255167
17,0,4,0.1756185330983613,26,0,0,0,0,1,0.460421649759542
16,0,4,0.8203302905132732,26,0,0,0,0,0,0.857092794352145
15,0,2,0.5821177869129593,27,1,1,0,0,0,0.618936614382706
16,0,1,0.46419350884247973,25,0,1,0,0,0,
17,0,4,0.6970101592229777,23,1,1,0,0,0,1.35432703414525
15,1,1,0.6202718604237287,18,0,1,0,0,0,
15,1,1,0.4249327873424555,25,1,1,0,0,0,1.28322750628642
15,1,3,0.464850749404579,19,0,0,0,0,0,1.05000585151047
18,0,3,0.44459189096281415,25,1,0,0,0,0,0.709570839268509
15,0,1,0.7483049769681864,13,0,0,1,0,0,
18,0,4,0.2142946351155501,29,1,0,1,0,0,0.397989396692544
18,0,4,0.5786213871936111,1,0,0,0,0,0,3.07421419200713
18,0,3,0.34198757676923447,5,0,1,0,0,0,3.03416743887847
17,1,1,0.48584128949820876,23,0,0,0,0,0,0.815777368872651
15,1,1,0.606559120487127,27,1,0,1,1,0,
15,0,1,0.6580993584220366,21,0,0,1,0,0,1.26628634387429
18,0,3,0.6102747525985811,11,0,0,0,0,0,2.1478451963635
15,1,1,0.6520875035403703,13,1,1,1,0,0,
17,0,1,0.5177446390266857,26,1,0,0,0,0,0.59641701714852
18,0,1,0.9354383324664495,10,0,1,0,0,0,
17,0,4,0.5260722404562284,15,1,0,0,0,1,2.04253797850481
16,1,2,0.7166803573983191,7,0,0,1,0,0,
15,0,4,0.0739918420975453,18,1,1,1,0,0,1.76332411589847
15,0,1,0.9841998884492852,13,0,1,1,0,0,2.79726747973193
17,1,3,0.629750702576054,1,0,0,0,0,0,
15,0,1,0.403287120583431,7,0,0,1,0,0,2.51369271489172
16,1,3,0.2679033021943557,20,0,0,1,0,0,1.32134330086988
17,0,3,0.6018730165824727,25,0,1,0,0,0,
17,1,4,0.02865194003689262,12,0,0,0,0,0,1.42918058171783
17,1,1,0.7446172987705102,19,0,0,0,0,1,1.81288704320889
18,0,1,0.8847001376161422,8,1,0,1,0,1,2.87397228211846
16,1,1,0.13018019984175852,19,0,0,0,0,1,0.690151345098735
18,0,4,0.9875456748209246,8,0,0,1,0,0,2.72609462885815
15,1,1,0.051746769380920016,18,1,0,1,0,0,1.35538104542858
15,0,1,0.6937735413567172,18,0,1,1,0,0,2.15419935338993
18,1,3,0.23367022752289568,21,0,1,0,0,0,1.54005945954137
16,1,1,0.5897022719031757,20,1,0,0,0,0,
15,0,3,0.3056171712889268,24,1,1,0,1,0,
17,0,2,0.7143347898762211,25,0,1,1,0,0,
18,0,4,0.8546374006610894,23,0,0,1,0,0,
17,1,1,0.8778974559635628,25,1,0,0,0,0,1.12288938107544
18,1,1,0.42462439970875027,14,0,0,1,0,0,1.63986755041461
15,0,3,0.395156304768373,23,0,1,1,0,1,1.08669668028181
15,1,1,0.8340291633751867,13,1,0,1,0,0,
18,1,3,0.23345704277287171,20,1,0,0,0,1,1.50951986021979
16,0,1,0.8042667959728234,15,0,1,1,0,0,
16,1,1,0.3482567785463705,17,0,0,0,0,0,
16,1,1,0.4434136742874596,0,1,0,1,1,0,
15,0,1,0.21127977238035778,15,1,0,0,0,0,1.79953114931723
18,0,3,0.5002074338074689,17,1,1,1,0,0,2.28929977523868
15,1,4,0.49208716699413557,23,0,1,0,0,0,0.928539344144163
17,0,4,0.6782835137501795,22,0,0,0,0,0,0.912660673381274
18,1,3,0.982013945894663,18,0,0,0,1,1,1.87415777801193
16,1,3,0.20783387295154943,24,1,1,1,0,0,1.4879468651698
17,0,2,0.6299635578060662,17,0,0,0,0,0,
17,0,1,0.4639081467685507,7,1,0,1,1,0,3.30306667864258
16,1,1,0.46828403453623335,18,0,1,0,0,1,1.3974290948962
15,0,4,0.8312773264895842,20,1,0,1,0,0,1.68538914640626
17,1,3,0.16431653800313592,10,0,1,0,1,0,2.16761489173918
16,0,3,0.607017180449693,0,1,1,0,1,0,3.7326847011603697
17,1,3,0.2523212645543157,21,0,0,0,0,0,0.946767904653286
17,0,3,0.4816780196394995,28,1,0,0,0,0,0.547780723541932
18,0,4,0.6558383237995938,14,1,1,0,1,0,2.99685627870823
15,0,1,0.35018739926626635,21,0,0,0,0,0,1.13789980068529
18,1,1,0.5478109340700467,13,0,0,1,0,0,
17,1,1,0.33823825184199746,23,0,0,0,1,0,0.738958982094649
16,0,2,0.9053730720041197,1,0,0,0,1,0,
18,0,3,0.6326260954747974,0,1,0,0,0,0,
18,0,3,0.9503967544567201,16,0,1,0,1,0,2.03354462052118
18,0,3,0.0744918766267441,10,1,0,0,1,0,
16,1,3,0.6646190867921825,27,1,0,1,0,0,1.02964864536773
17,1,4,0.8274544481521405,20,1,1,0,0,0,
15,1,1,0.9000197023840035,21,1,0,0,1,0,
15,0,4,0.22156437404509552,20,0,1,1,0,0,1.35505346239621
16,1,4,0.8819956583510089,10,1,1,0,0,0,2.82460489251785
18,1,4,0.4420077788229304,21,1,0,1,0,1,1.04915700247521
15,0,1,0.9720968417975311,5,0,0,0,0,1,2.79966973353561
15,1,3,0.4891720942923755,2,0,1,0,1,0,
17,0,3,0.6401289930673009,23,0,0,0,0,0,
16,0,1,0.9157523723145716,17,0,0,1,0,0,1.85586557316819
16,0,4,0.0637682607704115,7,0,1,0,0,0,
18,1,2,0.8623395556799921,8,1,1,0,0,0,3.06771836984655
18,0,1,0.5429736878747223,23,0,0,0,1,0,0.66750896106505
15,1,4,0.19986722971808615,6,0,0,0,1,0,1.90126652399212
17,1,3,0.4968775531129701,6,0,0,0,0,0,2.74861025744809
17,1,3,0.29529208605988216,27,1,1,1,1,0,0.837512319643973
15,0,1,0.15728845075141012,8,0,1,0,1,0,2.71575327031774
15,1,1,0.658346513402947,27,0,0,0,0,0,0.636132933503177
16,1,1,0.6751275344660077,29,1,1,0,0,0,
18,1,3,0.48844232925136805,6,1,0,1,0,0,
18,0,4,0.7097696523326136,1,0,0,0,0,1,3.43602538876957
17,0,1,0.8701226644945793,12,0,0,0,1,0,2.33126154930875
17,1,1,0.44407756858779995,9,0,0,1,0,1,2.47138653293384
17,0,1,0.9792504884343691,20,1,0,1,0,0,2.13162850444366
16,1,3,0.8715210283630938,24,0,1,0,0,1,1.25976468266523
15,0,1,0.04065719207271344,8,0,0,0,0,1,2.24092394868462
18,1,3,0.8114645379134369,26,1,1,0,0,0,1.28701341239023
15,0,4,0.8726601860967059,13,1,0,0,0,0,2.13961989136899
15,0,3,0.8670427065116483,29,0,0,1,0,0,1.05066898039069
16,1,4,0.009317261965691916,18,0,0,0,0,0,1.33122948585126
18,1,3,0.44864779109641517,25,0,0,0,0,1,0.837946898455383
18,1,1,0.33307641164891344,12,0,0,0,0,0,2.49968117953075
18,0,1,0.26733776313359736,26,1,0,0,0,0,0.218284856821032
15,0,3,0.16706360859567304,18,1,1,1,0,0,1.65115612937972
16,0,1,0.0899723292874539,22,0,1,1,0,0,
15,0,4,0.3834271303205545,16,0,1,0,0,1,1.29979432033699
15,0,4,0.9631462765907824,13,0,1,1,0,0,
15,0,4,0.11206144437654346,8,0,1,0,0,0,
16,1,2,0.9554112704113246,15,0,0,1,0,0,
18,0,4,0.9444895478127511,21,1,0,1,1,0,1.75752348620505
18,0,4,0.10364308753879807,23,0,0,0,0,0,0.651515020501729
17,1,3,0.027991337887219157,11,0,1,0,0,0,1.8640736524088
15,0,1,0.3111877255540914,14,0,0,0,1,0,1.79355572951012
15,1,3,0.0019497910329918545,22,0,0,0,0,1,0.57379619332855
17,1,1,0.5798765954894188,13,1,0,0,0,0,
18,0,4,0.9067158629333661,1,0,0,0,1,1,3.86958672420437
16,0,4,0.32582482268136814,6,1,0,1,1,0,3.20949313590321
15,0,4,0.030154719523096025,12,0,1,1,0,0,1.6278371303258
17,1,1,0.9086410142309178,11,0,0,0,0,0,
15,0,2,0.6989731109848606,25,0,0,1,1,1,1.26800875072247
18,1,3,0.5103662062292231,13,1,0,1,0,0,2.16609132515856
17,0,3,0.25636105424911,11,0,1,1,0,0,2.43009119921045
16,1,2,0.3868582781947567,16,0,0,0,1,0,1.46744236663876
15,1,1,0.04383081667112926,25,0,1,1,1,0,0.318850908518507
16,1,3,0.857581862045748,13,0,0,0,1,0,1.79895034008762
15,1,1,0.06959820268314583,11,0,1,0,1,0,2.03734801738494
16,0,4,0.5224954543330776,19,1,1,1,1,0,1.87957544516673
16,0,1,0.5212861178738011,17,0,0,0,0,0,
17,0,4,0.2639271885986772,15,1,1,0,0,0,2.43289639835131
16,1,1,0.3020312323680016,10,0,0,1,0,1,2.31911914676317
15,1,3,0.9293394661693231,11,0,0,1,0,1,2.30193210784406
18,1,1,0.6882443977209423,26,0,0,0,0,0,0.854558288580538
16,1,1,0.3078632079516034,12,0,0,0,0,0,1.78903677590955
15,1,1,0.32455483907657573,16,1,0,0,1,0,
15,1,4,0.4293361059524548,27,0,0,1,1,1,
17,0,3,0.7234045289035657,13,1,0,0,0,0,
16,1,3,0.8961350683153063,19,1,1,0,0,0,
17,1,2,0.7213498688853361,11,0,0,0,0,0,2.5474496063949
17,0,3,0.258374475445535,19,1,0,0,0,0,1.67672743683533
17,1,1,0.021844527901778238,9,1,1,0,0,0,2.49022042562398
17,0,1,0.4560031788953924,25,1,0,0,0,1,1.10671349775367
17,0,1,0.9405697741097964,19,0,0,0,1,0,
16,0,3,0.07900451554479172,10,0,0,0,1,1,2.22974018417477
17,1,1,0.2301386938122525,23,1,0,1,0,0,
17,1,1,0.2692514098995553,18,0,1,0,0,0,0.87309119735635
18,0,1,0.6112026934867305,1,0,0,1,0,0,3.2501100112534
16,1,1,0.1687662721808333,27,1,0,0,0,0,0.322641826994448
15,1,1,0.5182545891707422,15,1,1,0,1,0,2.19014660177917
15,1,1,0.6957970798322112,11,1,1,1,0,0,2.39613909507156
15,1,3,0.08601796953260665,19,0,0,1,0,0,0.684887997987108
15,1,1,0.3095356569210785,25,0,0,1,0,0,
17,1,4,0.4152684227877136,3,0,1,0,0,0,
17,0,1,0.3802758109665124,15,0,0,0,0,1,1.55959451904028
18,1,2,0.1479923252985304,18,0,0,0,0,0,
16,0,1,0.48000399087634954,7,1,1,1,1,0,3.27026230940474
16,0,1,0.6991985393997078,22,1,0,0,1,0,
15,0,4,0.024073010942036926,3,0,0,1,0,0,3.07330447256282
16,1,1,0.3165176077161681,18,1,0,0,1,0,1.2615877089186
17,1,3,0.7910295608401683,18,0,1,0,0,0,1.93478381189719
15,1,3,0.9598268973566342,17,0,0,1,0,0,
18,1,3,0.9752218324709689,3,0,0,0,0,0,
17,0,1,0.45476976549558285,8,0,0,1,1,0,
17,0,4,0.75503133659895,24,0,0,0,1,0,1.24509114017986
16,0,3,0.428138090192995,29,0,0,1,0,0,0.528225551474469
18,0,1,0.2771727929259949,11,0,0,0,1,0,1.77453110279934
16,1,1,0.19369909101756413,17,0,0,0,0,1,0.927321545323887
18,1,4,0.4614819255059687,6,1,0,0,1,0,3.13262929741737
17,0,4,0.7108107950447585,3,0,1,0,0,0,
17,0,4,0.5171691215996412,24,0,0,0,0,0,0.773784205794616
17,1,1,0.49589813499464624,25,0,1,1,0,0,
17,1,1,0.9006322941861975,9,1,1,0,0,1,2.66507555165668
16,0,3,0.9746733228284932,6,1,1,1,0,0,3.6259217303468
17,1,1,0.8916667898393289,6,0,1,0,0,0,
15,0,1,0.616443602150168,5,0,0,0,1,0,2.90538406573688
16,1,4,0.2276818725061197,20,0,1,0,0,0,1.22397360691602
17,1,3,0.05979002712432978,6,0,0,0,0,0,
18,0,1,0.23411986091771142,20,0,0,0,0,1,
18,1,3,0.4152676650281637,13,0,0,1,0,0,2.27691831821056
17,0,3,0.884185908939875,15,0,0,1,1,0,2.3401563891047
16,1,1,0.21038716934118212,7,1,0,1,1,0,
18,1,3,0.6100018401740549,13,1,1,0,1,0,2.99321446414457
18,0,1,0.9970565478614415,5,0,0,0,0,0,3.00712906743128
16,0,3,0.1155024102124755,5,1,1,0,0,0,2.91389845895387
17,1,2,0.5071527756478572,26,0,0,0,0,0,
17,0,1,0.8824511312205185,8,1,0,0,0,0,
18,0,2,0.5380809617384554,15,0,0,0,1,1,1.92635906766275
16,1,2,0.3953716850655006,21,1,1,0,0,0,1.92194213373612
18,1,1,0.38176327554875933,14,0,0,0,0,0,
15,0,1,0.5282690493481383,28,0,1,0,0,0,
18,0,1,0.745494019124714,3,0,1,0,0,1,2.78128788370003
18,0,1,0.6909310708801691,25,0,0,0,1,0,1.01019803375108
16,0,1,0.5860198324784796,4,0,0,1,0,0,2.42292833291079
17,0,2,0.29146940298319035,2,0,0,0,0,0,2.63734895465266
16,1,1,0.22811200538322876,16,0,1,0,0,1,1.68190480439026
16,0,4,0.4238766681221526,8,1,1,1,1,1,2.90118560688162
18,0,1,0.09281262850132961,26,0,1,0,0,0,0.316755973731522
17,0,2,0.8297719212738637,18,1,0,1,0,0,2.41184062242508
16,0,1,0.10726408857468624,18,0,0,0,0,0,
18,0,4,0.8527716576165614,8,0,0,0,0,0,2.74555408284983
17,1,2,0.6905000691421285,13,0,1,0,0,0,2.26758440088839
18,0,3,0.5201303300864406,15,1,0,1,0,1,
16,1,4,0.9338918297762849,29,1,0,0,0,0,0.312546230525355
16,1,3,0.22462566710620227,2,1,1,1,0,0,
18,1,4,0.14626116502619615,21,0,0,0,0,0,1.02101925333977
17,1,1,0.4420210836715901,10,1,0,1,1,0,2.59564886259771
15,0,2,0.2316401666255564,6,1,0,0,1,0,2.61168847259384
17,0,1,0.40234715272074845,12,0,0,1,1,0,2.274842047467
15,0,1,0.09591424766033739,7,0,1,1,0,0,2.41198646147133
17,1,1,0.2854079946162325,20,0,1,0,0,0,1.40036325409442
16,1,1,0.6256328016503636,8,0,1,0,0,0,2.39768257949156
18,0,4,0.592579855511839,11,1,1,1,0,0,
15,1,1,0.5372405488892157,6,0,1,0,1,0,2.59142670322931
15,0,1,0.7307239296011444,19,0,1,0,1,1,
18,0,1,0.5390501292873727,4,0,1,1,1,0,3.52612503780242
16,1,4,0.7093271928579614,27,0,0,0,0,0,0.796142915896213
15,1,1,0.9375807281016875,24,0,0,1,0,0,1.13140273551418
15,0,1,0.3739446418604214,21,0,0,1,1,0,1.16560394585802
18,0,1,0.5777016344780875,24,1,0,0,0,0,
16,0,2,0.3552971703641316,16,1,0,1,0,0,
18,1,1,0.2889806973228153,7,0,1,0,0,0,2.53709895057245
15,1,4,0.21616233674461385,3,1,0,0,1,0,3.46323930465168
18,1,4,0.612305864181947,26,0,1,1,0,0,0.994334750695751
15,0,3,0.25251232165255827,15,0,0,1,0,0,1.80809719804236
15,1,1,0.07584864880084499,19,0,1,0,0,0,
15,0,4,0.7216138946302609,10,1,1,0,0,0,2.75901434338498
17,1,4,0.9416430359200008,29,0,1,0,0,0,1.02886559596338
17,0,3,0.8485756444307634,15,1,1,0,0,0,
15,0,1,0.486954404790362,19,1,0,0,0,0,
16,1,1,0.289364639659483,22,1,1,0,0,0,
16,0,4,0.12418970754944118,9,0,1,1,0,1,
17,0,1,0.5742273681233248,23,0,0,0,0,0,1.03065750571988
17,0,4,0.7432713729037603,6,0,0,1,1,1,
15,1,3,0.011492561479610358,27,0,0,1,0,0,0.0
15,1,2,0.3907487056305477,13,0,0,0,0,0,1.70027358940491
16,1,1,0.8923609820859923,13,0,0,0,0,1,2.1400138778044
17,0,1,0.030629715732643698,18,0,0,0,1,0,1.2355538161189
16,0,3,0.2621526039312512,21,0,0,1,0,0,
15,0,1,0.4405917352235253,1,1,1,0,1,0,
18,1,4,0.044454879109310994,13,0,0,1,0,0,1.52856350134188
16,1,1,0.6794914010783019,3,0,0,0,0,0,2.65654078049586
16,1,1,0.5958247186074405,19,1,0,1,0,0,1.86389982176149
16,1,1,0.282093973862449,11,1,0,1,0,0,2.1431050688592
16,1,2,0.7337749733800251,25,0,1,0,0,0,1.05153152634721
16,1,1,0.32960469974103507,27,1,1,0,0,1,
17,1,3,0.45058602462170194,2,1,1,1,0,0,3.98467360265873
18,1,1,0.5009488504279198,14,0,0,0,0,1,1.61509314848367
16,1,3,0.7647281538242844,28,1,0,0,0,0,0.347836975905879
16,0,4,0.6347051878049108,5,0,1,0,1,0,3.36692951538211
15,1,1,0.7478226845892916,5,0,0,0,1,0,3.35059197885234
15,0,3,0.3011138278951808,7,0,0,0,0,0,2.29735558619369
16,0,1,0.842707037189311,28,1,0,0,0,0,0.797517669162269
16,0,1,0.7585697099571344,16,1,1,0,0,0,
17,1,1,0.2746870061681881,8,1,0,0,0,1,
17,1,4,0.3064445564537756,0,0,1,0,0,1,
15,0,1,0.020548661030908223,13,0,0,1,0,0,1.87870834432266
16,1,1,0.7355420977433524,14,1,1,0,0,0,
17,1,3,0.5742352046863897,26,0,0,0,0,1,0.200145527369036
16,0,3,0.5207900047061688,29,0,0,0,0,0,0.333154228293041
18,1,1,0.8124378933431015,14,1,0,1,0,0,
15,0,1,0.1257881966586614,10,0,0,0,0,0,2.08369798587288
15,0,1,0.07060998629867225,9,0,0,1,0,0,
15,1,3,0.10593826590178722,21,0,1,0,1,0,1.34036864751241
17,1,2,0.6815311919974693,8,1,0,0,0,0,2.84009297510131
15,0,1,0.3008498725771231,22,0,0,0,0,0,1.02818368915101
16,0,1,0.5441459035856208,18,0,0,0,0,0,0.870713477928639
15,1,4,0.9825737458040834,21,0,0,1,0,0,1.56291163534257
16,1,1,0.37638560730404447,5,0,0,0,0,0,
15,1,1,0.7576373964594971,16,0,0,1,0,0,
15,0,3,0.9798042357297067,3,0,1,0,1,1,3.61946086969352
17,0,1,0.20620953069310965,24,0,1,0,0,0,
15,0,3,0.16257261836294262,13,1,0,0,0,0,1.84405637946654
18,0,4,0.886028051228127,2,1,0,1,0,1,3.45904473387381
16,0,3,0.4699639925705634,18,0,0,1,0,0,
16,0,4,0.05622549067857385,11,0,0,0,1,0,2.37274811036067
17,0,1,0.04637511297862667,8,1,1,0,0,1,2.34926492736688
17,1,1,0.33993224772011094,13,0,0,1,1,1,1.60208919598467
18,0,4,0.13142402293421956,5,0,1,0,0,0,2.56376543001509
18,0,1,0.6864965525950786,27,0,1,1,0,0,1.07986736900243
16,1,4,0.9617694161569168,1,0,1,0,0,0,
18,0,1,0.2790229341707317,19,0,1,0,0,0,1.59134799194569
17,0,1,0.7050991316793644,1,1,0,1,0,0,3.77028397261544
18,1,1,0.7096805635290058,26,0,1,0,0,0,0.312479581274079
17,1,1,0.23368599035051194,17,1,0,0,0,0,
18,0,1,0.26336617750693214,19,0,1,0,0,0,1.37877726195554
15,0,1,0.6235746034384085,23,1,0,1,0,0,1.44900032096153
15,1,1,0.22127446784523597,21,1,1,1,1,1,1.94357334054471
15,0,1,0.23140542367286693,14,0,0,0,0,1,1.73031800279137
18,1,1,0.8330334206576896,24,1,0,1,0,0,
17,1,1,0.06472742529771398,6,0,1,0,0,0,2.46074352711323
17,0,3,0.15819478139765025,27,1,1,0,0,0,0.782809234051424
17,1,3,0.8606277168064135,5,0,0,0,0,0,2.93547719169463
17,1,1,0.8072938961929728,29,0,0,1,1,0,
18,0,4,0.6603963035702413,24,1,0,1,1,0,
18,0,3,0.9333909992535617,20,0,1,1,0,0,1.45187224308354
18,1,3,0.03938766333448565,3,1,1,0,0,0,2.8760550053652
17,0,1,0.6941826951971606,8,0,0,1,1,0,
15,1,1,0.1797522346357637,2,1,0,0,0,0,
15,0,1,0.331047023166385,10,0,1,0,0,0,
17,1,1,0.9224947679819153,24,0,1,0,0,1,0.838464873319738
15,0,2,0.16853124854261542,7,0,1,1,0,0,3.03569359551084
17,0,1,0.5424329613885346,9,0,0,0,1,0,2.3957840945307
15,1,2,0.055039839087339296,15,1,0,1,0,0,
15,0,2,0.17070476434721918,23,0,0,0,0,0,
18,0,3,0.229879730920483,12,1,1,0,0,0,
16,0,3,0.9982585954899629,20,0,0,0,0,0,1.22852850525004
15,0,3,0.08280118580952679,25,1,0,0,0,1,0.170463613252981
16,1,2,0.8141391092707629,24,1,1,0,0,0,1.51366041288328
16,1,1,0.25349856931157255,8,0,0,0,1,1,
17,1,1,0.44775812406793164,8,0,0,0,1,0,2.4431029199122
18,1,1,0.4433906049104668,0,1,1,0,0,0,4.0
15,0,1,0.18898999752234535,11,1,0,1,0,0,2.07303316718152
16,1,3,0.691042288187366,17,0,0,1,0,0,2.11048797498175
16,1,4,0.8802227158232818,6,0,0,0,0,0,
16,1,2,0.4708549427112895,16,0,1,0,0,1,
15,1,1,0.21526857500925395,2,0,1,0,0,0,
18,1,3,0.8623149282458105,28,0,0,0,0,0,
16,0,1,0.12289394769101884,25,0,1,1,1,0,
18,0,1,0.46555572541120627,28,1,0,0,0,0,0.390755886981794
17,0,3,0.15667166204893912,21,1,0,1,0,1,1.64337375958425
17,0,1,0.6002176150084184,6,0,0,0,0,0,2.48921823775653
17,1,1,0.6102522419812381,29,0,0,0,0,0,0.328085703899122
16,1,1,0.34065790193659207,2,0,0,1,0,0,
18,0,1,0.6964661340730127,25,0,1,0,0,0,0.940947219838506
15,0,3,0.8891106955381336,10,1,0,1,0,0,2.81992174529319
18,0,2,0.9559392068955472,25,0,0,0,0,0,0.825019641346986
18,0,1,0.11376902336541934,17,0,0,0,1,0,1.24331171627919
18,1,1,0.7130184147421407,13,1,0,0,0,0,
17,1,4,0.49382387340554507,16,0,0,0,0,1,1.52227484468543
15,1,3,0.2988624536982467,8,1,0,1,0,0,2.48217240818761
16,0,1,0.4366776302169517,11,0,0,0,1,0,2.27140021100318
17,1,2,0.5442718579442345,15,0,0,1,1,0,2.51191808753226
17,1,1,0.8805465487855032,6,0,0,0,0,0,2.55907035501775
15,0,1,0.9864811029092442,5,1,0,0,0,0,3.18606037803891
15,1,1,0.012388415396709967,9,0,1,0,0,0,1.6492502516618
15,1,4,0.7037303596041471,27,0,0,1,0,0,0.917582200361948
15,0,4,0.32257571400055846,2,1,0,0,0,1,2.79906388500272
15,0,1,0.670337997335892,11,0,1,0,1,0,
17,1,1,0.14975782178848773,28,0,1,1,0,0,0.521955725664275
18,0,2,0.5055323709248707,14,0,1,1,0,0,
17,1,3,0.7344143388406954,3,0,1,0,0,0,2.9282193907148
15,0,2,0.004957261584074021,5,0,1,0,0,0,2.25454758619172
18,1,1,0.15819799311757618,1,1,0,1,0,0,2.95949272810391
17,1,3,0.7174955823664135,2,1,1,0,0,1,3.63641656786003
15,0,1,0.5207123110408084,9,0,0,0,0,1,2.17234554236808
17,0,1,0.008857585145513613,2,0,1,0,0,0,
17,1,1,0.06325945172985872,22,0,0,1,0,0,0.841108717353789
17,1,3,0.9072444713651984,6,0,1,0,0,0,2.95214586347002
16,0,1,0.6915833177915915,13,0,0,0,1,0,1.80640634540581
17,1,1,0.042016153506180674,26,0,1,0,0,1,0.6329881184701
15,0,3,0.5550201660998147,8,0,1,1,0,0,2.78909982826909
17,1,3,0.03345385593174671,19,1,0,0,0,0,1.0410289006679
15,1,1,0.5075336460580279,15,0,1,0,0,0,1.37638068846407
17,1,1,0.3505292268706027,13,0,1,0,1,0,2.1846916122861
17,0,4,0.1925614197579064,0,0,1,0,0,0,
18,1,1,0.6901084416732208,9,0,1,0,0,0,2.63759422813236
17,1,1,0.7795140400479688,5,0,0,0,0,1,3.15885826222125
18,0,4,0.470779831359068,15,0,0,0,0,0,
18,1,1,0.5165672979383304,5,0,0,1,0,0,2.6559935659148
15,0,1,0.7280200327454626,4,0,0,1,0,0,
15,0,4,0.7893213451435336,6,1,0,0,0,0,3.13123588481242
18,0,3,0.7869653757020947,9,1,0,1,0,0,3.18444210710873
18,1,1,0.009155540810156725,1,1,1,1,0,0,3.05525398194347
18,1,2,0.8446990176812063,5,0,1,0,0,0,2.97133201632582
15,0,3,0.23732279235482948,14,0,0,0,0,0,2.05977834206103
16,1,1,0.6098051703654512,5,0,1,1,0,0,3.2629223546667
17,0,3,0.08496719492874115,1,1,0,0,0,0,2.99750560842064
15,1,1,0.8143933546459727,19,1,1,0,1,0,2.13712441060869
15,1,1,0.3392401829085521,3,1,0,0,0,0,3.58344760514376
17,0,3,0.04947743816830814,4,1,1,0,0,1,
17,0,1,0.585880341660684,7,0,0,1,1,0,2.71549093551515
18,1,1,0.9724288781549939,3,1,0,0,0,0,3.04511348214609
17,1,2,0.9304619448800278,16,1,1,0,0,0,2.28846667525695
16,1,4,0.694142433501493,12,0,1,0,0,0,2.08787212660687
15,0,2,0.8734341902712865,1,1,1,1,0,0,4.0
15,0,1,0.9239270142766458,5,0,1,1,0,1,2.48966890236666
16,0,1,0.43062713969371663,25,0,1,0,1,1,0.744322299921236
17,1,3,0.2965337616589088,8,1,0,0,0,0,
15,0,1,0.6667031363992866,3,0,0,0,0,1,3.11939391315038
18,1,1,0.606813967740828,20,1,0,1,0,0,1.51563909839502
15,1,1,0.17995443817709064,23,0,1,0,0,0,
17,1,1,0.16101734350294866,25,0,0,0,0,1,0.269720862053484
15,1,3,0.8798716238465988,25,0,0,0,0,1,0.529603259012284
16,0,3,0.3919116621998646,27,1,0,0,0,0,0.472181042209025
16,0,3,0.31543986209729363,8,0,0,0,0,0,2.15054616599322
15,1,3,0.6724419067563603,7,1,0,0,1,1,2.77254937230307
15,1,3,0.5418595617955383,7,0,0,0,0,0,
15,1,4,0.7064941854814909,20,0,0,0,0,0,1.23255716573282
18,0,1,0.7454428683209255,1,0,0,0,1,0,
15,1,4,0.5750307348561811,1,0,0,1,0,0,3.12111948236985
16,1,1,0.9293731041579669,27,0,0,1,0,0,
15,0,3,0.3234330189736493,1,0,1,1,0,0,3.48245251904329
16,1,4,0.9025634346790131,24,0,0,1,1,0,1.05805077209866
15,1,1,0.9737565050344043,29,1,1,0,1,0,
15,0,3,0.9288041857476268,14,1,0,0,1,0,
15,1,3,0.3365777117221005,27,0,0,0,0,0,
17,0,1,0.37831599460163734,21,0,1,0,0,0,1.33993550863299
16,1,1,0.26359389933006283,28,0,0,0,0,0,0.299907547598506
18,0,1,0.011265664987932779,22,0,0,0,0,0,0.352751959227427
15,0,3,0.2797538880702898,19,0,1,1,0,1,1.47960222773903
15,0,1,0.20307119282921868,26,1,0,0,0,0,
18,1,1,0.2331132805437884,19,1,0,0,0,0,1.0749373887756
15,0,4,0.41146046885358345,13,1,1,0,0,0,2.33297181656252
17,0,4,0.644645662393072,27,1,0,0,0,0,0.740896701856411
16,0,3,0.25359440479336326,2,0,1,0,1,0,
16,1,1,0.0005052918553156752,16,0,1,0,1,0,1.94767693624079
17,0,4,0.5529156806562222,0,0,1,0,1,1,2.9054661603452
15,1,1,0.35782037971439135,18,0,1,1,0,1,
17,1,1,0.6598479534771728,4,1,0,0,0,0,
15,1,4,0.7333412665183358,28,0,0,0,0,0,
17,1,3,0.482910978045393,1,1,1,0,0,1,3.58888793976501
17,0,4,0.8071670256601801,18,1,0,0,0,0,1.84405926352867
16,0,1,0.7702937459845957,19,0,0,1,0,0,1.88591665185174
16,1,3,0.5142502147984073,10,1,0,1,0,1,
15,0,1,0.3958714804498865,5,0,0,0,0,0,2.91589813295983
16,0,1,0.4561626209740233,13,0,1,1,1,0,2.30020523957597
18,1,1,0.11627423910963221,6,0,0,0,0,0,2.45564375474628
16,1,1,0.5412813552349506,2,0,0,0,0,0,2.9610552588036
16,0,1,0.44170283364974355,17,0,0,0,0,0,
18,1,4,0.9462223498626295,22,1,0,0,0,0,1.22674128577128
15,1,3,0.8067769509615941,1,0,1,0,0,0,3.22293749868912
18,1,4,0.14459543591355994,27,0,0,0,1,0,
18,0,3,0.6049704231874362,27,0,1,0,1,0,1.28759513125801
16,0,1,0.33440370138637826,6,1,0,0,0,1,
15,1,3,0.9026451811415686,26,0,1,0,1,0,0.844792001871668
18,0,4,0.5815469290863388,13,0,0,0,0,1,2.13535680128746
16,0,4,0.3644412194444581,18,0,0,0,0,0,
17,0,1,0.5895762699739575,5,0,0,1,0,1,
18,1,1,0.44865778453884664,24,0,1,1,0,0,
17,1,3,0.9518631917506869,20,0,1,0,0,0,1.31277241351408
18,0,4,0.9879689593678187,6,1,0,1,1,0,
18,0,4,0.1338383641890216,8,0,0,0,1,0,1.81367955362405
16,1,1,0.31988398772217574,18,0,1,0,0,0,1.85470044213959
15,1,2,0.7370754623236502,13,1,1,0,0,1,2.37804894515579
16,0,1,0.4651022671317679,7,0,1,0,0,0,
17,0,4,0.5849816899562309,29,0,1,0,0,1,0.223430508936565
17,1,1,0.6444267437524467,26,0,0,1,0,0,0.611569305518309
17,1,4,0.3537765183159567,9,0,1,0,0,0,2.25175392194975
18,0,3,0.805302450613555,17,0,1,0,0,0,1.81258108607369
16,0,1,0.9420012115926133,25,0,0,1,0,0,1.64481993948329
18,0,1,0.7715641951366299,0,0,0,0,0,0,3.04291483343638
15,0,1,0.6335300768268054,7,1,0,1,0,0,3.18312611718812
16,1,1,0.5361821790460691,12,1,0,0,0,0,2.21406745916135
15,1,3,0.8470206979447997,15,0,1,0,0,0,1.53961940600191
15,1,1,0.520810558952315,20,0,0,0,0,0,1.55211293765079
16,0,3,0.38054705512722686,2,1,1,0,1,0,3.22844807947793
16,0,1,0.9643787188952325,0,0,0,0,0,0,3.52485582262497
15,0,2,0.42599794169856914,0,1,0,1,0,0,3.82380132788692
17,1,2,0.028826209382364302,1,0,0,1,1,0,3.20431318129244
17,0,1,0.09952174374248673,28,0,1,0,0,1,0.674362943608145
17,1,3,0.7689822023237003,4,0,0,0,0,0,2.78376520992363
17,1,1,0.27405604255402827,14,0,0,1,0,0,
16,0,2,0.8704212286511044,27,0,1,0,0,0,
18,1,3,0.19667649465497877,8,1,0,1,0,0,
17,0,2,0.8637430652330527,26,1,1,0,0,0,
15,1,1,0.570210036807153,3,1,1,0,0,0,3.19104611821992
18,0,1,0.45213281467364536,23,0,0,0,1,0,0.852682363402751
18,1,1,0.41855893224991736,25,0,0,0,0,0,0.750888042958631
18,0,1,0.4494001301848998,3,0,0,1,0,0,2.74790844251461
18,0,3,0.8238779169299025,19,0,1,1,0,0,1.82282920806858
15,0,4,0.9583108792802183,8,1,0,0,0,0,2.92894823772507
17,0,4,0.30365299952659913,29,0,1,1,1,1,1.03518153040991
15,1,2,0.3211699103118098,27,0,1,0,1,0,0.676771033406853
18,1,2,0.9292300991019047,10,0,0,1,0,0,2.81500304797799
17,0,4,0.6785533841954283,12,0,1,0,0,0,2.52067367504325
17,1,1,0.46406528841201006,15,0,1,1,0,1,
17,0,4,0.11021094206647135,21,1,0,0,0,0,
18,0,4,0.4982346696290945,5,0,1,0,0,0,
16,0,4,0.023103229254085214,11,0,0,0,0,0,
18,0,1,0.505019591087594,13,0,0,0,0,0,1.82084373430586
17,0,1,0.048853725121444806,6,1,0,0,0,0,2.5734404743023
16,1,4,0.9109578634709966,25,0,0,0,1,0,0.690347883914033
15,0,2,0.5452094326260679,9,0,1,0,0,0,2.22651359509038
18,1,1,0.8921893991649656,24,0,0,0,1,0,0.872209535627566
16,0,2,0.3425423889173934,13,0,0,0,1,0,
15,1,2,0.1256496175275592,14,1,1,0,0,0,2.25387117850782
17,1,1,0.6379092676448891,14,0,0,0,0,0,
15,1,3,0.41182492880170785,12,0,0,0,0,1,2.142708088227
17,1,4,0.5155488980578196,11,1,1,0,0,0,
17,1,4,0.07484030879949401,16,0,1,0,0,0,1.4796687773013
18,0,1,0.1584483914246987,10,1,0,0,1,0,
18,0,4,0.5487065623520156,8,1,1,0,1,0,3.05492412503806
17,0,1,0.22329605247237172,20,0,1,0,0,0,0.817714202385621
16,0,1,0.48239099330786966,24,0,0,0,0,0,0.632826221112053
15,1,3,0.6685240544961529,2,0,0,0,1,0,3.05499081098098
17,0,1,0.37854444088305106,4,0,0,0,0,1,1.95320056131137
16,1,3,0.9654263115248792,29,0,0,0,0,1,0.732908233901387
17,1,1,0.678245551790352,2,1,1,1,0,0,3.52061239163388
17,0,4,0.07845239274802047,6,0,0,0,1,0,
16,1,1,0.9745737637579099,1,0,1,0,0,0,3.30169051268768
17,0,1,0.43418197375462475,13,1,0,0,1,0,2.33452564387574
16,1,1,0.22840638562622517,7,1,1,0,1,0,2.88295807080415
15,0,4,0.37981198207291955,5,0,1,1,0,0,2.62260105205008
18,0,1,0.9886563881311679,26,1,1,0,0,0,0.94573087329995
18,1,3,0.8218675689781361,24,1,1,0,0,0,
15,0,1,0.7085243729256147,26,0,0,0,0,0,0.865945542142021
16,1,2,0.7473923371388033,6,0,0,0,0,0,2.81321100812163
17,0,1,0.9196127328206977,10,0,0,1,0,1,
15,0,3,0.6649894625245667,29,0,0,0,0,0,0.39318647136243
17,0,3,0.4125089612701885,7,1,0,0,0,0,2.84473226204249
15,0,2,0.3966312556732723,6,0,0,1,0,0,
16,0,1,0.14944371943882478,7,0,0,0,0,0,2.21508704885362
17,0,4,0.7527689389400123,1,0,0,0,0,0,2.97474069496604
15,0,1,0.6170446473298389,0,0,1,0,0,0,3.33397000236735
16,1,2,0.20033500250025088,28,1,0,0,0,0,0.152590779233678
18,0,3,0.16410840556430986,18,0,0,0,0,0,1.32766642988684
15,0,1,0.07330698074491,6,0,1,0,0,0,
17,0,1,0.5304579843495784,22,0,1,0,0,0,0.762684311227051
16,1,4,0.2117345344740948,13,0,1,0,0,0,2.1262769261869
17,0,4,0.5279548659713085,18,0,0,0,1,0,1.64346240407396
17,0,3,0.8556388690530523,25,1,0,0,0,0,1.3055845144948
18,0,1,0.8119269961520482,23,1,0,1,0,0,1.23042875583496
15,1,1,0.8607375661051645,4,0,0,1,0,0,3.27590345280267
17,1,4,0.27512247576622756,0,0,0,1,0,0,3.26201998994637
16,0,1,0.6314375955321452,10,0,0,0,1,0,
18,0,1,0.11738817007459958,8,0,1,1,0,0,
15,1,3,0.9260834938776584,7,0,0,0,0,0,2.86846415630145
17,1,3,0.054863693703295434,1,0,1,0,0,0,
15,0,2,0.4717051378021518,8,0,1,1,0,0,2.57068249230976
16,1,1,0.4631348785868422,21,1,0,0,0,0,1.75116335756424
15,0,4,0.13580012971064045,5,0,0,0,1,0,
18,0,1,0.47688112197211313,28,1,0,0,0,0,0.959041522864601
18,0,3,0.8655431019844146,5,1,0,0,1,0,3.17945076810077
16,0,3,0.6600611262908391,21,0,0,1,0,0,
17,0,1,0.8206514540092634,3,1,0,0,0,0,3.34735674350781
17,0,3,0.4968017570024518,28,1,0,0,0,0,
16,1,3,0.2820866267226363,19,0,0,0,1,0,0.897216927238586
15,1,1,0.8722934674022308,17,0,0,1,0,0,2.07066931239794
15,0,1,0.45008867713633066,10,1,1,0,0,0,
18,1,4,0.6719037432304436,20,0,1,0,0,0,1.32517278425798
16,0,4,0.4758999531400661,10,1,0,1,0,0,2.44385726431874
16,0,3,0.17112207458268244,27,0,1,0,0,0,
18,1,1,0.03246261629853535,15,0,0,0,0,0,
16,0,3,0.010288958308896569,23,1,0,1,0,0,
15,0,1,0.8025593077425225,0,0,1,0,0,0,3.3695843618328
17,0,1,0.11267974151779155,11,0,0,1,0,0,
16,1,1,0.335270966413907,14,0,0,0,0,0,
18,1,1,0.114836805288302,28,1,0,0,0,0,0.381768495150158
17,1,1,0.6040167320686548,22,0,1,1,0,1,
15,0,3,0.22847676312506954,28,0,0,0,1,0,
15,1,4,0.17913286923044197,20,0,1,0,0,0,
15,0,4,0.8037508801133201,13,0,0,1,0,0,1.892745844623
18,0,1,0.6057480380811804,19,0,1,0,1,0,
18,1,4,0.40318241623279427,18,0,0,0,0,0,1.23484404078202
15,1,2,0.26863050387256293,22,1,0,0,0,0,1.29357355644595
17,1,4,0.8559108881042472,18,0,0,1,0,0,1.37757283977798
15,0,1,0.6481041866401851,12,0,1,0,1,1,2.70988948741811
17,1,4,0.14357039506250108,29,0,0,0,0,0,
16,0,1,0.20113330488045353,19,1,1,0,0,0,0.876544105869589
15,1,1,0.28975496533020917,2,0,1,0,0,0,2.81597329568107
16,1,4,0.6722978230416846,22,0,1,1,0,0,
15,1,4,0.7472091400212658,9,0,0,0,0,1,2.45718751453616
16,0,3,0.8299090768364948,20,1,0,0,1,0,1.68066118234203
16,0,1,0.4568199216310247,27,1,1,1,0,0,
15,0,1,0.06298585932881974,2,1,0,1,0,0,
16,1,1,0.37179807078444843,15,1,1,0,0,0,2.1586101701466
16,1,1,0.9204595283053147,29,0,0,0,0,0,
16,1,1,0.09972782504842012,13,0,1,0,0,0,
16,0,1,0.879455247070007,22,0,0,0,0,0,1.16805200024068
17,0,2,0.9121998250127286,17,0,0,1,0,0,1.71198467684162
17,1,1,0.18176687642312073,13,0,1,1,0,0,1.64134144277871
16,1,3,0.10032749421675827,25,0,1,1,0,0,
15,1,4,0.3413222527102146,7,0,1,1,0,0,2.44615708063582
15,1,1,0.17103964592665877,1,0,0,1,0,0,3.20542533441231
16,0,3,0.9505933825408314,19,0,0,0,0,0,1.49970193196868
16,1,1,0.4930967945584821,16,0,1,0,0,0,
15,0,1,0.4122671559325939,29,0,0,0,0,1,0.241625628220884
16,0,2,0.2627523995718161,2,0,0,0,0,0,2.70502440722697
18,0,2,0.4166405645256264,17,0,0,0,0,0,1.16742541277134
16,1,1,0.7418474110572716,5,1,0,0,0,1,3.21968548326261
17,1,2,0.6661905560993808,29,1,0,0,1,0,0.783486640015118
16,0,3,0.37354556112788345,21,1,0,0,0,0,1.36559111032951
18,0,1,0.6383078822396678,7,1,0,1,0,0,3.01480253360998
16,1,1,0.8250340291171956,14,1,0,0,0,0,1.92268823497601
17,1,1,0.266503857686166,26,1,0,1,0,0,
15,0,3,0.6145233723603379,7,0,0,0,1,0,2.49283810766837
17,1,4,0.07197032781432176,24,0,0,0,0,0,
17,0,1,0.07934372853381395,5,0,0,0,0,0,2.51328613301163
15,0,1,0.9803959591743816,21,1,1,0,0,0,
15,0,1,0.7672749999905997,25,0,1,0,0,0,
17,0,1,0.04353151436893125,3,1,0,1,1,0,
18,1,1,0.8139032802379921,19,1,1,0,0,0,
17,1,4,0.5172871046973765,27,0,0,0,0,0,0.473300870906962
17,0,1,0.6093768041896311,13,0,0,0,0,1,1.752496835513
15,1,1,0.08940728342579972,5,0,1,0,1,0,2.43453244400698
16,0,1,0.6591876353338935,5,1,0,0,1,0,3.10274556143328
15,0,1,0.14074578021583567,6,1,0,1,0,0,2.5896707308558
15,0,1,0.8183211185546728,21,1,0,1,0,0,
18,1,1,0.8342446576503817,9,0,0,0,0,0,2.1047955879699
15,1,2,0.35015356283471916,11,1,0,0,1,0,
16,1,1,0.1556583306046793,19,0,0,1,0,0,
15,1,3,0.4154188725350766,4,0,1,1,1,0,3.38793834776599
15,1,3,0.13337813740030136,28,0,0,0,0,0,0.205067960146301
18,0,1,0.43876595666403073,17,0,0,0,0,0,1.6667022575216
18,1,1,0.9999999999999999,24,0,0,0,0,0,0.906276516266246
15,0,4,0.6555177779675897,13,1,0,0,0,0,
16,0,1,0.10777433068123309,19,0,0,1,0,0,1.52394515516554
16,1,1,0.17858097844452067,14,1,1,1,0,0,2.05191903204166
18,0,2,0.22016369255655419,20,0,0,0,0,0,
18,0,4,0.2715175399814219,27,0,0,0,0,0,0.0120634896338959
